"1","java.lang.Long","java.lang.Long","NON_ENUMERATED","3"
"2","java.lang.Long","java.lang.Long","NON_ENUMERATED","15"
"3","java.lang.Integer","java.lang.Integer","NON_ENUMERATED","16"
"4","java.lang.String","java.lang.String","NON_ENUMERATED","17"
"5","java.lang.String","java.lang.String","ENUMERATED","18"
"6","java.lang.Boolean","java.lang.Boolean","NON_ENUMERATED","19"
"7","java.lang.Boolean","java.lang.Boolean","NON_ENUMERATED","20"
"8","java.lang.String","java.lang.String","NON_ENUMERATED","21"
"9","java.util.Date","java.util.Date","NON_ENUMERATED","22"
"10","java.lang.String","java.lang.String","ENUMERATED","23"
"11","java.lang.String","java.lang.String","NON_ENUMERATED","24"
"12","java.lang.String","java.lang.String","NON_ENUMERATED","25"
"13","java.lang.String","java.lang.String","NON_ENUMERATED","26"
"14","java.lang.String","java.lang.String","NON_ENUMERATED","27"
"15","java.lang.Integer","java.lang.Integer","NON_ENUMERATED","28"
"16","java.lang.String","java.lang.String","NON_ENUMERATED","45"
"17","java.lang.Boolean","java.lang.Boolean","NON_ENUMERATED","46"
"18","java.lang.String","java.lang.String","NON_ENUMERATED","47"
"19","java.lang.Integer","java.lang.Integer","NON_ENUMERATED","48"
"20","java.lang.Integer","java.lang.Integer","NON_ENUMERATED","49"
"21","java.lang.String","java.lang.String","NON_ENUMERATED","50"
"22","java.lang.String","java.lang.String","NON_ENUMERATED","51"
"23","java.lang.Long","java.lang.Long","NON_ENUMERATED","52"
"24","java.lang.Long","java.lang.Long","NON_ENUMERATED","57"
"25","java.lang.String","java.lang.String","NON_ENUMERATED","58"
"26","java.lang.String","java.lang.String","NON_ENUMERATED","59"
"27","java.lang.Boolean","java.lang.Boolean","NON_ENUMERATED","60"
"28","java.lang.Integer","java.lang.Integer","NON_ENUMERATED","61"
"29","java.lang.Integer","java.lang.Integer","NON_ENUMERATED","62"
"30","java.lang.String","java.lang.String","NON_ENUMERATED","63"
"31","java.lang.Boolean","java.lang.Boolean","NON_ENUMERATED","64"
"32","java.lang.String","java.lang.String","NON_ENUMERATED","65"
"33","java.lang.Long","java.lang.Long","NON_ENUMERATED","76"
"34","java.lang.String","java.lang.String","NON_ENUMERATED","77"
"35","java.lang.String","java.lang.String","NON_ENUMERATED","78"
"36","java.lang.Integer","java.lang.Integer","NON_ENUMERATED","79"
"37","java.lang.Integer","java.lang.Integer","NON_ENUMERATED","80"
"38","java.lang.String","java.lang.String","NON_ENUMERATED","81"
"39","java.lang.Boolean","java.lang.Boolean","NON_ENUMERATED","82"
"40","java.lang.String","java.lang.String","NON_ENUMERATED","83"
"41","java.lang.Double","java.lang.Double","NON_ENUMERATED","84"
"42","java.lang.String","java.lang.String","NON_ENUMERATED","92"
"43","java.lang.String","java.lang.String","NON_ENUMERATED","93"
"44","java.lang.Long","java.lang.Long","NON_ENUMERATED","94"
"45","java.lang.String","java.lang.String","NON_ENUMERATED","95"
"46","java.lang.String","java.lang.String","ENUMERATED","96"
"47","java.lang.String","java.lang.String","NON_ENUMERATED","99"
"48","java.lang.Long","java.lang.Long","NON_ENUMERATED","100"
"49","java.lang.Long","java.lang.Long","NON_ENUMERATED","101"
"50","java.util.Date","java.util.Date","NON_ENUMERATED","102"
"51","java.lang.String","java.lang.String","NON_ENUMERATED","103"
"52","java.lang.String","java.lang.String","NON_ENUMERATED","104"
"53","java.lang.String","java.lang.String","NON_ENUMERATED","105"
"54","java.lang.String","java.lang.String","NON_ENUMERATED","106"
"55","java.lang.String","java.lang.String","NON_ENUMERATED","107"
"56","java.lang.String","java.lang.String","NON_ENUMERATED","113"
"57","java.util.Date","java.util.Date","NON_ENUMERATED","114"
"58","java.lang.Long","java.lang.Long","NON_ENUMERATED","115"
"59","java.lang.String","java.lang.String","NON_ENUMERATED","117"
"60","java.lang.String","java.lang.String","NON_ENUMERATED","118"
"61","java.lang.String","java.lang.String","ENUMERATED","119"
"62","java.lang.String","java.lang.String","NON_ENUMERATED","120"
"63","java.lang.String","java.lang.String","NON_ENUMERATED","121"
"64","java.lang.String","java.lang.String","ENUMERATED","122"
"65","java.lang.String","java.lang.String","NON_ENUMERATED","123"
"66","java.lang.Long","java.lang.Long","NON_ENUMERATED","124"
"67","java.lang.String","java.lang.String","NON_ENUMERATED","126"
"68","java.lang.Long","java.lang.Long","NON_ENUMERATED","127"
"69","java.lang.String","java.lang.String","NON_ENUMERATED","129"
"70","java.lang.Long","java.lang.Long","NON_ENUMERATED","130"
"71","java.lang.String","java.lang.String","NON_ENUMERATED","132"
"72","java.lang.Long","java.lang.Long","NON_ENUMERATED","133"
"73","java.lang.String","java.lang.String","NON_ENUMERATED","136"
"74","java.lang.String","java.lang.String","NON_ENUMERATED","137"
"75","java.lang.String","java.lang.String","NON_ENUMERATED","138"
"76","java.lang.String","java.lang.String","NON_ENUMERATED","139"
"77","java.lang.String","java.lang.String","NON_ENUMERATED","140"
"78","java.lang.Long","java.lang.Long","NON_ENUMERATED","141"
"79","java.lang.Integer","java.lang.Integer","NON_ENUMERATED","143"
"80","java.lang.Integer","java.lang.Integer","NON_ENUMERATED","144"
"81","java.lang.Long","java.lang.Long","NON_ENUMERATED","145"
"82","java.lang.String","java.lang.String","NON_ENUMERATED","150"
"83","java.lang.String","java.lang.String","NON_ENUMERATED","151"
"84","java.lang.String","java.lang.String","NON_ENUMERATED","152"
"85","java.lang.Double","java.lang.Double","NON_ENUMERATED","153"
"86","java.lang.String","java.lang.String","NON_ENUMERATED","154"
"87","java.lang.String","java.lang.String","NON_ENUMERATED","155"
"88","java.lang.Long","java.lang.Long","NON_ENUMERATED","156"
"89","java.lang.String","java.lang.String","NON_ENUMERATED","159"
"90","java.lang.String","java.lang.String","NON_ENUMERATED","160"
"91","java.lang.String","java.lang.String","NON_ENUMERATED","161"
"92","java.lang.String","java.lang.String","NON_ENUMERATED","162"
"93","java.lang.String","java.lang.String","NON_ENUMERATED","163"
"94","java.lang.String","java.lang.String","NON_ENUMERATED","164"
"95","java.lang.Long","java.lang.Long","NON_ENUMERATED","165"
"96","java.util.Date","java.util.Date","NON_ENUMERATED","168"
"97","java.lang.String","java.lang.String","NON_ENUMERATED","169"
"98","java.lang.String","java.lang.String","NON_ENUMERATED","170"
"99","java.lang.String","java.lang.String","NON_ENUMERATED","171"
"100","java.lang.Integer","java.lang.Integer","NON_ENUMERATED","172"
"101","java.lang.String","java.lang.String","NON_ENUMERATED","173"
"102","java.lang.String","java.lang.String","NON_ENUMERATED","174"
"103","java.util.Date","java.util.Date","NON_ENUMERATED","175"
"104","java.lang.Long","java.lang.Long","NON_ENUMERATED","176"
"105","java.lang.Long","java.lang.Long","NON_ENUMERATED","179"
"106","java.util.Date","java.util.Date","NON_ENUMERATED","180"
"107","java.lang.String","java.lang.String","NON_ENUMERATED","181"
"108","java.lang.String","java.lang.String","NON_ENUMERATED","182"
"109","java.lang.Integer","java.lang.Integer","NON_ENUMERATED","183"
"110","java.lang.String","java.lang.String","NON_ENUMERATED","184"
"111","java.lang.Boolean","java.lang.Boolean","NON_ENUMERATED","185"
"112","java.lang.String","java.lang.String","NON_ENUMERATED","186"
"113","java.lang.String","java.lang.String","NON_ENUMERATED","187"
"114","java.util.Date","java.util.Date","NON_ENUMERATED","188"
"115","java.util.Date","java.util.Date","NON_ENUMERATED","194"
"116","java.lang.String","java.lang.String","NON_ENUMERATED","195"
"117","java.lang.String","java.lang.String","NON_ENUMERATED","196"
"118","java.lang.String","java.lang.String","NON_ENUMERATED","197"
"119","java.lang.Integer","java.lang.Integer","NON_ENUMERATED","198"
"120","java.lang.String","java.lang.String","NON_ENUMERATED","199"
"121","java.lang.Long","java.lang.Long","NON_ENUMERATED","200"
"122","java.util.Date","java.util.Date","NON_ENUMERATED","201"
"123","java.lang.String","java.lang.String","NON_ENUMERATED","202"
"124","java.lang.String","java.lang.String","NON_ENUMERATED","204"
"125","java.lang.Long","java.lang.Long","NON_ENUMERATED","205"
"126","java.lang.Long","java.lang.Long","NON_ENUMERATED","207"
"127","java.lang.Double","java.lang.Double","NON_ENUMERATED","209"
"128","java.lang.Long","java.lang.Long","NON_ENUMERATED","210"
"129","java.lang.Double","java.lang.Double","NON_ENUMERATED","212"
"130","java.lang.Long","java.lang.Long","NON_ENUMERATED","213"
"131","java.lang.Double","java.lang.Double","NON_ENUMERATED","215"
"132","java.lang.Long","java.lang.Long","NON_ENUMERATED","216"
"133","java.lang.Integer","java.lang.Integer","NON_ENUMERATED","218"
"134","java.lang.Long","java.lang.Long","NON_ENUMERATED","219"
"135","java.lang.String","java.lang.String","ENUMERATED","221"
"136","java.lang.String","java.lang.String","ENUMERATED","222"
"137","java.lang.Long","java.lang.Long","NON_ENUMERATED","223"
"138","java.lang.Long","java.lang.Long","NON_ENUMERATED","236"
"139","java.lang.Integer","java.lang.Integer","NON_ENUMERATED","237"
"140","java.lang.String","java.lang.String","NON_ENUMERATED","238"
"141","java.lang.String","java.lang.String","ENUMERATED","239"
"142","java.lang.Boolean","java.lang.Boolean","NON_ENUMERATED","240"
"143","java.lang.Boolean","java.lang.Boolean","NON_ENUMERATED","241"
"144","java.lang.String","java.lang.String","NON_ENUMERATED","242"
"145","java.util.Date","java.util.Date","NON_ENUMERATED","243"
"146","java.lang.String","java.lang.String","ENUMERATED","244"
"147","java.lang.String","java.lang.String","NON_ENUMERATED","245"
"148","java.lang.String","java.lang.String","NON_ENUMERATED","246"
"149","java.lang.String","java.lang.String","NON_ENUMERATED","247"
"150","java.lang.String","java.lang.String","NON_ENUMERATED","248"
"151","java.lang.Double","java.lang.Double","NON_ENUMERATED","249"
"152","java.lang.Integer","java.lang.Integer","NON_ENUMERATED","250"
"153","java.lang.Long","java.lang.Long","NON_ENUMERATED","272"
"154","java.lang.Integer","java.lang.Integer","NON_ENUMERATED","273"
"155","java.lang.String","java.lang.String","NON_ENUMERATED","274"
"156","java.lang.String","java.lang.String","ENUMERATED","275"
"157","java.lang.Boolean","java.lang.Boolean","NON_ENUMERATED","276"
"158","java.lang.Boolean","java.lang.Boolean","NON_ENUMERATED","277"
"159","java.lang.String","java.lang.String","NON_ENUMERATED","278"
"160","java.util.Date","java.util.Date","NON_ENUMERATED","279"
"161","java.lang.String","java.lang.String","ENUMERATED","280"
"162","java.lang.String","java.lang.String","NON_ENUMERATED","281"
"163","java.lang.String","java.lang.String","NON_ENUMERATED","282"
"164","java.lang.String","java.lang.String","NON_ENUMERATED","283"
"165","java.lang.String","java.lang.String","NON_ENUMERATED","284"
"166","java.lang.Integer","java.lang.Integer","NON_ENUMERATED","285"
"167","java.lang.Long","java.lang.Long","NON_ENUMERATED","308"
"168","java.lang.Integer","java.lang.Integer","NON_ENUMERATED","309"
"169","java.lang.String","java.lang.String","NON_ENUMERATED","310"
"170","java.lang.String","java.lang.String","ENUMERATED","311"
"171","java.lang.Boolean","java.lang.Boolean","NON_ENUMERATED","312"
"172","java.lang.Boolean","java.lang.Boolean","NON_ENUMERATED","313"
"173","java.lang.String","java.lang.String","NON_ENUMERATED","314"
"174","java.util.Date","java.util.Date","NON_ENUMERATED","315"
"175","java.lang.String","java.lang.String","ENUMERATED","316"
"176","java.lang.String","java.lang.String","NON_ENUMERATED","317"
"177","java.lang.String","java.lang.String","NON_ENUMERATED","318"
"178","java.lang.String","java.lang.String","NON_ENUMERATED","319"
"179","java.lang.String","java.lang.String","NON_ENUMERATED","320"
"180","java.lang.Integer","java.lang.Integer","NON_ENUMERATED","321"
"181","java.lang.Long","java.lang.Long","NON_ENUMERATED","344"
"182","java.lang.Integer","java.lang.Integer","NON_ENUMERATED","345"
"183","java.lang.String","java.lang.String","NON_ENUMERATED","346"
"184","java.lang.String","java.lang.String","ENUMERATED","347"
"185","java.lang.Boolean","java.lang.Boolean","NON_ENUMERATED","348"
"186","java.lang.Boolean","java.lang.Boolean","NON_ENUMERATED","349"
"187","java.lang.String","java.lang.String","NON_ENUMERATED","350"
"188","java.util.Date","java.util.Date","NON_ENUMERATED","351"
"189","java.lang.String","java.lang.String","ENUMERATED","352"
"190","java.lang.String","java.lang.String","NON_ENUMERATED","353"
"191","java.lang.String","java.lang.String","NON_ENUMERATED","354"
"192","java.lang.String","java.lang.String","NON_ENUMERATED","355"
"193","java.lang.String","java.lang.String","NON_ENUMERATED","356"
"194","java.lang.Integer","java.lang.Integer","NON_ENUMERATED","357"
"195","java.lang.String","java.lang.String","NON_ENUMERATED","371"
"196","java.lang.Long","java.lang.Long","NON_ENUMERATED","372"
"197","java.lang.String","java.lang.String","NON_ENUMERATED","375"
"198","java.lang.String","java.lang.String","NON_ENUMERATED","376"
"199","java.lang.String","java.lang.String","NON_ENUMERATED","377"
"200","java.lang.Long","java.lang.Long","NON_ENUMERATED","378"
"201","java.lang.String","java.lang.String","ENUMERATED","391"
"202","java.lang.String","java.lang.String","NON_ENUMERATED","392"
"203","java.lang.String","java.lang.String","ENUMERATED","393"
"204","java.lang.String","java.lang.String","NON_ENUMERATED","394"
"205","java.lang.String","java.lang.String","NON_ENUMERATED","395"
"206","java.lang.String","java.lang.String","NON_ENUMERATED","396"
"207","java.lang.String","java.lang.String","NON_ENUMERATED","397"
"208","java.lang.Long","java.lang.Long","NON_ENUMERATED","398"
"209","java.util.Date","java.util.Date","NON_ENUMERATED","412"
"210","java.lang.String","java.lang.String","NON_ENUMERATED","413"
"211","java.lang.Long","java.lang.Long","NON_ENUMERATED","414"
"212","java.util.Date","java.util.Date","NON_ENUMERATED","422"
"213","java.lang.String","java.lang.String","NON_ENUMERATED","423"
"214","java.lang.Long","java.lang.Long","NON_ENUMERATED","424"
"215","java.util.Date","java.util.Date","NON_ENUMERATED","432"
"216","java.lang.Integer","java.lang.Integer","NON_ENUMERATED","433"
"217","java.lang.String","java.lang.String","NON_ENUMERATED","434"
"218","java.lang.Double","java.lang.Double","NON_ENUMERATED","435"
"219","java.lang.Long","java.lang.Long","NON_ENUMERATED","436"
"220","java.util.Date","java.util.Date","NON_ENUMERATED","444"
"221","java.lang.String","java.lang.String","ENUMERATED","445"
"222","java.lang.String","java.lang.String","NON_ENUMERATED","446"
"223","java.lang.Long","java.lang.Long","NON_ENUMERATED","447"
"224","java.util.Date","java.util.Date","NON_ENUMERATED","455"
"225","java.lang.String","java.lang.String","NON_ENUMERATED","456"
"226","java.lang.Long","java.lang.Long","NON_ENUMERATED","457"
"227","java.util.Date","java.util.Date","NON_ENUMERATED","465"
"228","java.lang.String","java.lang.String","ENUMERATED","466"
"229","java.lang.Integer","java.lang.Integer","NON_ENUMERATED","467"
"230","java.lang.String","java.lang.String","NON_ENUMERATED","468"
"231","java.lang.Long","java.lang.Long","NON_ENUMERATED","469"
"232","java.lang.Long","java.lang.Long","NON_ENUMERATED","473"
"233","java.lang.Integer","java.lang.Integer","NON_ENUMERATED","474"
"234","java.lang.Integer","java.lang.Integer","NON_ENUMERATED","475"
"235","java.lang.Integer","java.lang.Integer","NON_ENUMERATED","476"
"236","java.lang.String","java.lang.String","NON_ENUMERATED","477"
"237","java.lang.Integer","java.lang.Integer","NON_ENUMERATED","478"
"238","java.util.Date","java.util.Date","NON_ENUMERATED","479"
"239","java.util.Date","java.util.Date","NON_ENUMERATED","493"
"240","java.lang.String","java.lang.String","ENUMERATED","494"
"241","java.lang.String","java.lang.String","NON_ENUMERATED","495"
"242","java.lang.Long","java.lang.Long","NON_ENUMERATED","496"
"243","java.util.Date","java.util.Date","NON_ENUMERATED","504"
"244","java.lang.String","java.lang.String","NON_ENUMERATED","505"
"245","java.lang.String","java.lang.String","NON_ENUMERATED","506"
"246","java.lang.Long","java.lang.Long","NON_ENUMERATED","507"
"247","java.util.Date","java.util.Date","NON_ENUMERATED","515"
"248","java.lang.String","java.lang.String","NON_ENUMERATED","516"
"249","java.lang.Long","java.lang.Long","NON_ENUMERATED","517"
"250","java.lang.Long","java.lang.Long","NON_ENUMERATED","522"
"251","java.lang.String","java.lang.String","NON_ENUMERATED","523"
"252","java.lang.Double","java.lang.Double","NON_ENUMERATED","524"
"253","java.lang.String","java.lang.String","NON_ENUMERATED","525"
"254","java.lang.String","java.lang.String","NON_ENUMERATED","526"
"255","java.lang.Integer","java.lang.Integer","NON_ENUMERATED","527"
"256","java.lang.String","java.lang.String","NON_ENUMERATED","528"
"257","java.lang.Double","java.lang.Double","NON_ENUMERATED","529"
"258","java.lang.Double","java.lang.Double","NON_ENUMERATED","530"
"259","java.util.Date","java.util.Date","NON_ENUMERATED","531"
"260","java.lang.String","java.lang.String","ENUMERATED","537"
"261","java.lang.Long","java.lang.Long","NON_ENUMERATED","538"
"262","java.lang.Double","java.lang.Double","NON_ENUMERATED","539"
"263","java.lang.Double","java.lang.Double","NON_ENUMERATED","540"
"264","java.lang.String","java.lang.String","NON_ENUMERATED","541"
"265","java.lang.Double","java.lang.Double","NON_ENUMERATED","542"
"266","java.lang.Double","java.lang.Double","NON_ENUMERATED","543"
"267","java.util.Date","java.util.Date","NON_ENUMERATED","544"
"268","java.util.Date","java.util.Date","NON_ENUMERATED","557"
"269","java.lang.String","java.lang.String","NON_ENUMERATED","558"
"270","java.lang.Double","java.lang.Double","NON_ENUMERATED","559"
"271","java.lang.Double","java.lang.Double","NON_ENUMERATED","560"
"272","java.lang.Long","java.lang.Long","NON_ENUMERATED","561"
"273","java.util.Date","java.util.Date","NON_ENUMERATED","569"
"274","java.lang.String","java.lang.String","NON_ENUMERATED","570"
"275","java.lang.Double","java.lang.Double","NON_ENUMERATED","571"
"276","java.lang.Long","java.lang.Long","NON_ENUMERATED","572"
"277","java.util.Date","java.util.Date","NON_ENUMERATED","580"
"278","java.lang.String","java.lang.String","NON_ENUMERATED","581"
"279","java.lang.String","java.lang.String","NON_ENUMERATED","582"
"280","java.lang.Long","java.lang.Long","NON_ENUMERATED","583"
"281","java.util.Date","java.util.Date","NON_ENUMERATED","591"
"282","java.lang.String","java.lang.String","NON_ENUMERATED","592"
"283","java.lang.String","java.lang.String","NON_ENUMERATED","593"
"284","java.lang.Long","java.lang.Long","NON_ENUMERATED","594"
"285","java.util.Date","java.util.Date","NON_ENUMERATED","602"
"286","java.lang.String","java.lang.String","NON_ENUMERATED","603"
"287","java.lang.String","java.lang.String","NON_ENUMERATED","604"
"288","java.lang.String","java.lang.String","NON_ENUMERATED","605"
"289","java.lang.Long","java.lang.Long","NON_ENUMERATED","606"
"290","java.util.Date","java.util.Date","NON_ENUMERATED","614"
"291","java.lang.String","java.lang.String","ENUMERATED","615"
"292","java.lang.String","java.lang.String","NON_ENUMERATED","616"
"293","java.lang.Long","java.lang.Long","NON_ENUMERATED","617"
"294","java.util.Date","java.util.Date","NON_ENUMERATED","625"
"295","java.lang.String","java.lang.String","NON_ENUMERATED","626"
"296","java.lang.Long","java.lang.Long","NON_ENUMERATED","627"
"297","java.util.Date","java.util.Date","NON_ENUMERATED","635"
"298","java.lang.String","java.lang.String","NON_ENUMERATED","636"
"299","java.lang.String","java.lang.String","ENUMERATED","637"
"300","java.lang.String","java.lang.String","ENUMERATED","638"
"301","java.lang.Long","java.lang.Long","NON_ENUMERATED","639"
"302","java.util.Date","java.util.Date","NON_ENUMERATED","646"
"303","java.lang.Boolean","java.lang.Boolean","NON_ENUMERATED","647"
"304","java.lang.String","java.lang.String","NON_ENUMERATED","648"
"305","java.lang.Long","java.lang.Long","NON_ENUMERATED","649"
"306","java.lang.String","java.lang.String","NON_ENUMERATED","651"
"307","java.lang.Long","java.lang.Long","NON_ENUMERATED","652"
"308","java.lang.String","java.lang.String","NON_ENUMERATED","655"
"309","java.lang.Long","java.lang.Long","NON_ENUMERATED","656"
"310","java.lang.String","java.lang.String","NON_ENUMERATED","658"
"311","java.lang.Integer","java.lang.Integer","NON_ENUMERATED","659"
"312","java.lang.String","java.lang.String","NON_ENUMERATED","660"
"313","java.lang.Integer","java.lang.Integer","NON_ENUMERATED","661"
"314","java.lang.Long","java.lang.Long","NON_ENUMERATED","662"
"315","java.lang.String","java.lang.String","NON_ENUMERATED","664"
"316","java.lang.Long","java.lang.Long","NON_ENUMERATED","665"
"317","java.util.Date","java.util.Date","NON_ENUMERATED","667"
"318","java.lang.String","java.lang.String","NON_ENUMERATED","668"
"319","java.lang.String","java.lang.String","NON_ENUMERATED","669"
"320","java.lang.Long","java.lang.Long","NON_ENUMERATED","670"
"321","java.lang.String","java.lang.String","NON_ENUMERATED","672"
"322","java.lang.Long","java.lang.Long","NON_ENUMERATED","673"
"323","java.util.Date","java.util.Date","NON_ENUMERATED","681"
"324","java.lang.Boolean","java.lang.Boolean","NON_ENUMERATED","682"
"325","java.lang.String","java.lang.String","NON_ENUMERATED","683"
"326","java.lang.Long","java.lang.Long","NON_ENUMERATED","684"
"327","java.util.Date","java.util.Date","NON_ENUMERATED","693"
"328","java.lang.Boolean","java.lang.Boolean","NON_ENUMERATED","694"
"329","java.lang.Boolean","java.lang.Boolean","NON_ENUMERATED","695"
"330","java.lang.String","java.lang.String","NON_ENUMERATED","696"
"331","java.lang.Long","java.lang.Long","NON_ENUMERATED","697"
"332","java.lang.Boolean","java.lang.Boolean","NON_ENUMERATED","701"
"333","java.lang.Boolean","java.lang.Boolean","NON_ENUMERATED","702"
"334","java.lang.Long","java.lang.Long","NON_ENUMERATED","703"
"335","java.lang.Long","java.lang.Long","NON_ENUMERATED","704"
"336","java.lang.Long","java.lang.Long","NON_ENUMERATED","705"
"337","java.lang.String","java.lang.String","NON_ENUMERATED","707"
"338","java.lang.Long","java.lang.Long","NON_ENUMERATED","708"
"339","java.lang.String","java.lang.String","NON_ENUMERATED","711"
"340","java.lang.String","java.lang.String","NON_ENUMERATED","712"
"341","java.lang.Long","java.lang.Long","NON_ENUMERATED","713"
"342","java.lang.String","java.lang.String","NON_ENUMERATED","715"
"343","java.lang.Long","java.lang.Long","NON_ENUMERATED","716"
"344","java.lang.String","java.lang.String","NON_ENUMERATED","719"
"345","java.lang.Double","java.lang.Double","NON_ENUMERATED","720"
"346","java.lang.Long","java.lang.Long","NON_ENUMERATED","721"
"347","java.lang.String","java.lang.String","NON_ENUMERATED","725"
"348","java.lang.String","java.lang.String","NON_ENUMERATED","726"
"349","java.lang.String","java.lang.String","NON_ENUMERATED","727"
"350","java.lang.Long","java.lang.Long","NON_ENUMERATED","728"
"351","java.lang.String","java.lang.String","NON_ENUMERATED","737"
"352","java.lang.String","java.lang.String","NON_ENUMERATED","738"
"353","java.lang.Long","java.lang.Long","NON_ENUMERATED","739"
"354","java.lang.Long","java.lang.Long","NON_ENUMERATED","741"
"355","java.lang.String","java.lang.String","NON_ENUMERATED","758"
"356","java.util.Date","java.util.Date","NON_ENUMERATED","759"
"357","java.lang.String","java.lang.String","NON_ENUMERATED","760"
"358","java.lang.Long","java.lang.Long","NON_ENUMERATED","761"
"359","java.lang.String","java.lang.String","NON_ENUMERATED","765"
"360","java.lang.String","java.lang.String","NON_ENUMERATED","766"
"361","java.util.Date","java.util.Date","NON_ENUMERATED","767"
"362","java.lang.String","java.lang.String","NON_ENUMERATED","768"
"363","java.lang.Long","java.lang.Long","NON_ENUMERATED","769"
"364","java.lang.String","java.lang.String","NON_ENUMERATED","778"
"365","java.lang.String","java.lang.String","NON_ENUMERATED","779"
"366","java.lang.Long","java.lang.Long","NON_ENUMERATED","780"
"367","java.lang.String","java.lang.String","NON_ENUMERATED","789"
"368","java.lang.String","java.lang.String","NON_ENUMERATED","790"
"369","java.lang.String","java.lang.String","NON_ENUMERATED","791"
"370","java.lang.String","java.lang.String","NON_ENUMERATED","792"
"371","java.lang.Long","java.lang.Long","NON_ENUMERATED","793"
"372","java.lang.Long","java.lang.Long","NON_ENUMERATED","799"
"373","java.lang.String","java.lang.String","NON_ENUMERATED","800"
"374","java.lang.String","java.lang.String","ENUMERATED","801"
"375","java.lang.String","java.lang.String","NON_ENUMERATED","802"
"376","java.lang.String","java.lang.String","NON_ENUMERATED","803"
"377","java.lang.String","java.lang.String","NON_ENUMERATED","804"
"378","java.lang.String","java.lang.String","ENUMERATED","805"
"379","java.lang.Long","java.lang.Long","NON_ENUMERATED","817"
"380","java.lang.String","java.lang.String","NON_ENUMERATED","818"
"381","java.lang.String","java.lang.String","NON_ENUMERATED","819"
"382","java.lang.String","java.lang.String","NON_ENUMERATED","820"
"383","java.lang.String","java.lang.String","NON_ENUMERATED","821"
"384","java.lang.String","java.lang.String","NON_ENUMERATED","836"
"385","java.lang.String","java.lang.String","NON_ENUMERATED","837"
"386","java.lang.Long","java.lang.Long","NON_ENUMERATED","838"
"387","java.util.Date","java.util.Date","NON_ENUMERATED","839"
"388","java.lang.String","java.lang.String","NON_ENUMERATED","842"
"389","java.lang.Long","java.lang.Long","NON_ENUMERATED","843"
"390","java.lang.String","java.lang.String","ENUMERATED","845"
"391","java.lang.String","java.lang.String","NON_ENUMERATED","846"
"392","java.util.Date","java.util.Date","NON_ENUMERATED","847"
"393","java.lang.Long","java.lang.Long","NON_ENUMERATED","848"
"394","java.lang.String","java.lang.String","ENUMERATED","849"
"395","java.lang.String","java.lang.String","NON_ENUMERATED","850"
"396","java.lang.String","java.lang.String","NON_ENUMERATED","851"
"397","java.lang.String","java.lang.String","ENUMERATED","852"
"398","java.lang.String","java.lang.String","NON_ENUMERATED","853"
"399","java.lang.String","java.lang.String","NON_ENUMERATED","854"
"400","java.util.Date","java.util.Date","NON_ENUMERATED","855"
"401","java.lang.String","java.lang.String","ENUMERATED","856"
"402","java.lang.String","java.lang.String","NON_ENUMERATED","865"
"403","java.lang.String","java.lang.String","NON_ENUMERATED","866"
"404","java.lang.Long","java.lang.Long","NON_ENUMERATED","867"
"405","java.lang.String","java.lang.String","NON_ENUMERATED","873"
"406","java.lang.Long","java.lang.Long","NON_ENUMERATED","874"
"407","java.lang.String","java.lang.String","NON_ENUMERATED","875"
"408","java.lang.String","java.lang.String","NON_ENUMERATED","876"
"409","java.lang.Long","java.lang.Long","NON_ENUMERATED","889"
"410","java.lang.String","java.lang.String","NON_ENUMERATED","890"
"411","java.lang.String","java.lang.String","NON_ENUMERATED","891"
"412","java.lang.String","java.lang.String","NON_ENUMERATED","908"
"413","java.lang.String","java.lang.String","NON_ENUMERATED","909"
"414","java.lang.Long","java.lang.Long","NON_ENUMERATED","910"
"415","java.lang.Long","java.lang.Long","NON_ENUMERATED","913"
"416","java.lang.String","java.lang.String","NON_ENUMERATED","914"
"417","java.util.Date","java.util.Date","NON_ENUMERATED","917"
"418","java.lang.Long","java.lang.Long","NON_ENUMERATED","918"
"419","java.lang.String","java.lang.String","NON_ENUMERATED","919"
"420","java.lang.Long","java.lang.Long","NON_ENUMERATED","920"
"421","java.lang.String","java.lang.String","NON_ENUMERATED","922"
"422","java.lang.Long","java.lang.Long","NON_ENUMERATED","923"
"423","java.lang.Long","java.lang.Long","NON_ENUMERATED","924"
"424","java.lang.String","java.lang.String","NON_ENUMERATED","925"
"425","java.util.Date","java.util.Date","NON_ENUMERATED","928"
"426","java.lang.String","java.lang.String","NON_ENUMERATED","929"
"427","java.lang.Boolean","java.lang.Boolean","NON_ENUMERATED","930"
"428","java.lang.Long","java.lang.Long","NON_ENUMERATED","931"
"429","java.lang.String","java.lang.String","ENUMERATED","939"
"430","java.lang.String","java.lang.String","NON_ENUMERATED","940"
"431","java.lang.String","java.lang.String","NON_ENUMERATED","941"
"432","java.lang.Long","java.lang.Long","NON_ENUMERATED","942"
"433","java.lang.String","java.lang.String","NON_ENUMERATED","943"
"434","java.lang.String","java.lang.String","NON_ENUMERATED","947"
"435","java.lang.Long","java.lang.Long","NON_ENUMERATED","948"
"436","java.lang.Long","java.lang.Long","NON_ENUMERATED","952"
"437","java.lang.Integer","java.lang.Integer","NON_ENUMERATED","953"
"438","java.lang.Integer","java.lang.Integer","NON_ENUMERATED","954"
"439","java.lang.Double","java.lang.Double","NON_ENUMERATED","955"
"440","java.lang.String","java.lang.String","NON_ENUMERATED","971"
"441","java.lang.String","java.lang.String","NON_ENUMERATED","972"
"442","java.lang.Long","java.lang.Long","NON_ENUMERATED","973"
"443","java.lang.String","java.lang.String","ENUMERATED","974"
"444","java.lang.String","java.lang.String","NON_ENUMERATED","977"
"445","java.lang.String","java.lang.String","NON_ENUMERATED","978"
"446","java.lang.Long","java.lang.Long","NON_ENUMERATED","979"
"447","java.lang.String","java.lang.String","NON_ENUMERATED","980"
"448","java.lang.String","java.lang.String","NON_ENUMERATED","990"
"449","java.lang.String","java.lang.String","NON_ENUMERATED","991"
"450","java.lang.Long","java.lang.Long","NON_ENUMERATED","992"
