"5","BI_DIRECTIONAL","722","1","2","0"
"6","BI_DIRECTIONAL","379","3","4","0"
"7","BI_DIRECTIONAL","373","5","6","0"
"8","SRC_DESTINATION","369","7","8","0"
"9","BI_DIRECTIONAL","333","9","10","0"
"10","BI_DIRECTIONAL","297","11","12","0"
"11","BI_DIRECTIONAL","261","13","14","0"
"12","BI_DIRECTIONAL","224","15","16","0"
"13","BI_DIRECTIONAL","4","17","18","0"
"14","SRC_DESTINATION","220","19","20","0"
"29","SRC_DESTINATION","206","21","22","0"
"30","SRC_DESTINATION","217","23","24","0"
"31","SRC_DESTINATION","214","25","26","0"
"32","SRC_DESTINATION","211","27","28","0"
"33","SRC_DESTINATION","208","29","30","0"
"34","SRC_DESTINATION","206","31","32","0"
"35","SRC_DESTINATION","217","33","34","0"
"36","SRC_DESTINATION","214","35","36","0"
"37","SRC_DESTINATION","211","37","38","0"
"38","SRC_DESTINATION","208","39","40","0"
"39","SRC_DESTINATION","70","41","42","0"
"41","SRC_DESTINATION","142","43","44","0"
"42","BI_DIRECTIONAL","70","45","46","0"
"43","BI_DIRECTIONAL","53","47","48","0"
"44","BI_DIRECTIONAL","40","49","50","0"
"54","SRC_DESTINATION","142","51","52","0"
"55","SRC_DESTINATION","70","53","54","0"
"56","SRC_DESTINATION","97","55","56","0"
"66","SRC_DESTINATION","157","57","58","0"
"67","BI_DIRECTIONAL","40","59","60","0"
"68","BI_DIRECTIONAL","53","61","62","0"
"69","BI_DIRECTIONAL","70","63","64","0"
"71","SRC_DESTINATION","142","65","66","0"
"72","SRC_DESTINATION","157","67","68","0"
"73","SRC_DESTINATION","146","69","70","0"
"74","SRC_DESTINATION","177","71","72","0"
"75","BI_DIRECTIONAL","70","73","74","0"
"85","SRC_DESTINATION","146","75","76","0"
"86","SRC_DESTINATION","89","77","78","0"
"87","BI_DIRECTIONAL","40","79","80","0"
"88","BI_DIRECTIONAL","53","81","82","0"
"90","SRC_DESTINATION","116","83","84","0"
"91","SRC_DESTINATION","97","85","86","0"
"98","SRC_DESTINATION","131","87","88","0"
"108","SRC_DESTINATION","128","89","90","0"
"109","SRC_DESTINATION","125","91","92","0"
"110","SRC_DESTINATION","116","93","94","0"
"111","SRC_DESTINATION","112","95","96","0"
"135","SRC_DESTINATION","142","97","98","0"
"147","SRC_DESTINATION","157","99","100","0"
"148","SRC_DESTINATION","142","101","102","0"
"149","SRC_DESTINATION","146","103","104","0"
"158","SRC_DESTINATION","142","105","106","0"
"167","SRC_DESTINATION","97","107","108","0"
"178","SRC_DESTINATION","203","109","110","0"
"189","SRC_DESTINATION","97","111","112","0"
"190","BI_DIRECTIONAL","97","113","114","0"
"191","BI_DIRECTIONAL","192","115","116","0"
"193","SRC_DESTINATION","97","117","118","0"
"225","BI_DIRECTIONAL","722","119","120","0"
"226","BI_DIRECTIONAL","379","121","122","0"
"227","BI_DIRECTIONAL","373","123","124","0"
"228","SRC_DESTINATION","369","125","126","0"
"229","BI_DIRECTIONAL","333","127","128","0"
"230","BI_DIRECTIONAL","297","129","130","0"
"231","BI_DIRECTIONAL","261","131","132","0"
"232","BI_DIRECTIONAL","224","133","134","0"
"233","BI_DIRECTIONAL","4","135","136","0"
"234","SRC_DESTINATION","220","137","138","0"
"235","SRC_DESTINATION","70","139","140","0"
"251","SRC_DESTINATION","206","141","142","0"
"252","SRC_DESTINATION","217","143","144","0"
"253","SRC_DESTINATION","214","145","146","0"
"254","SRC_DESTINATION","211","147","148","0"
"255","SRC_DESTINATION","208","149","150","0"
"256","SRC_DESTINATION","206","151","152","0"
"257","SRC_DESTINATION","217","153","154","0"
"258","SRC_DESTINATION","214","155","156","0"
"259","SRC_DESTINATION","211","157","158","0"
"260","SRC_DESTINATION","208","159","160","0"
"262","BI_DIRECTIONAL","722","161","162","0"
"263","BI_DIRECTIONAL","379","163","164","0"
"264","BI_DIRECTIONAL","373","165","166","0"
"265","SRC_DESTINATION","369","167","168","0"
"266","BI_DIRECTIONAL","333","169","170","0"
"267","BI_DIRECTIONAL","297","171","172","0"
"268","BI_DIRECTIONAL","261","173","174","0"
"269","BI_DIRECTIONAL","224","175","176","0"
"270","BI_DIRECTIONAL","4","177","178","0"
"271","SRC_DESTINATION","220","179","180","0"
"286","SRC_DESTINATION","206","181","182","0"
"287","SRC_DESTINATION","217","183","184","0"
"288","SRC_DESTINATION","214","185","186","0"
"289","SRC_DESTINATION","211","187","188","0"
"290","SRC_DESTINATION","208","189","190","0"
"291","SRC_DESTINATION","206","191","192","0"
"292","SRC_DESTINATION","217","193","194","0"
"293","SRC_DESTINATION","214","195","196","0"
"294","SRC_DESTINATION","211","197","198","0"
"295","SRC_DESTINATION","208","199","200","0"
"296","SRC_DESTINATION","70","201","202","0"
"298","BI_DIRECTIONAL","722","203","204","0"
"299","BI_DIRECTIONAL","379","205","206","0"
"300","BI_DIRECTIONAL","373","207","208","0"
"301","SRC_DESTINATION","369","209","210","0"
"302","BI_DIRECTIONAL","333","211","212","0"
"303","BI_DIRECTIONAL","297","213","214","0"
"304","BI_DIRECTIONAL","261","215","216","0"
"305","BI_DIRECTIONAL","224","217","218","0"
"306","BI_DIRECTIONAL","4","219","220","0"
"307","SRC_DESTINATION","220","221","222","0"
"322","SRC_DESTINATION","206","223","224","0"
"323","SRC_DESTINATION","217","225","226","0"
"324","SRC_DESTINATION","214","227","228","0"
"325","SRC_DESTINATION","211","229","230","0"
"326","SRC_DESTINATION","208","231","232","0"
"327","SRC_DESTINATION","206","233","234","0"
"328","SRC_DESTINATION","217","235","236","0"
"329","SRC_DESTINATION","214","237","238","0"
"330","SRC_DESTINATION","211","239","240","0"
"331","SRC_DESTINATION","208","241","242","0"
"332","SRC_DESTINATION","70","243","244","0"
"334","BI_DIRECTIONAL","722","245","246","0"
"335","BI_DIRECTIONAL","379","247","248","0"
"336","BI_DIRECTIONAL","373","249","250","0"
"337","SRC_DESTINATION","369","251","252","0"
"338","BI_DIRECTIONAL","333","253","254","0"
"339","BI_DIRECTIONAL","297","255","256","0"
"340","BI_DIRECTIONAL","261","257","258","0"
"341","BI_DIRECTIONAL","224","259","260","0"
"342","BI_DIRECTIONAL","4","261","262","0"
"343","SRC_DESTINATION","220","263","264","0"
"358","SRC_DESTINATION","206","265","266","0"
"359","SRC_DESTINATION","217","267","268","0"
"360","SRC_DESTINATION","214","269","270","0"
"361","SRC_DESTINATION","211","271","272","0"
"362","SRC_DESTINATION","208","273","274","0"
"363","SRC_DESTINATION","206","275","276","0"
"364","SRC_DESTINATION","217","277","278","0"
"365","SRC_DESTINATION","214","279","280","0"
"366","SRC_DESTINATION","211","281","282","0"
"367","SRC_DESTINATION","208","283","284","0"
"368","SRC_DESTINATION","70","285","286","0"
"370","SRC_DESTINATION","203","287","288","0"
"374","SRC_DESTINATION","89","289","290","0"
"380","SRC_DESTINATION","89","291","292","0"
"381","BI_DIRECTIONAL","717","293","294","0"
"382","BI_DIRECTIONAL","674","295","296","0"
"383","SRC_DESTINATION","369","297","298","0"
"384","BI_DIRECTIONAL","628","299","300","0"
"385","BI_DIRECTIONAL","618","301","302","0"
"386","BI_DIRECTIONAL","607","303","304","0"
"387","BI_DIRECTIONAL","595","305","306","0"
"388","BI_DIRECTIONAL","584","307","308","0"
"389","BI_DIRECTIONAL","573","309","310","0"
"390","BI_DIRECTIONAL","415","311","312","0"
"399","BI_DIRECTIONAL","508","313","314","0"
"400","BI_DIRECTIONAL","562","315","316","0"
"401","BI_DIRECTIONAL","550","317","318","0"
"402","BI_DIRECTIONAL","535","319","320","0"
"403","BI_DIRECTIONAL","518","321","322","0"
"404","BI_DIRECTIONAL","497","323","324","0"
"405","BI_DIRECTIONAL","486","325","326","0"
"406","BI_DIRECTIONAL","470","327","328","0"
"407","BI_DIRECTIONAL","458","329","330","0"
"408","BI_DIRECTIONAL","448","331","332","0"
"409","BI_DIRECTIONAL","437","333","334","0"
"410","BI_DIRECTIONAL","425","335","336","0"
"416","BI_DIRECTIONAL","333","337","338","0"
"417","BI_DIRECTIONAL","297","339","340","0"
"418","BI_DIRECTIONAL","261","341","342","0"
"419","BI_DIRECTIONAL","224","343","344","0"
"420","BI_DIRECTIONAL","4","345","346","0"
"421","SRC_DESTINATION","97","347","348","0"
"426","BI_DIRECTIONAL","333","349","350","0"
"427","BI_DIRECTIONAL","297","351","352","0"
"428","BI_DIRECTIONAL","261","353","354","0"
"429","BI_DIRECTIONAL","224","355","356","0"
"430","BI_DIRECTIONAL","4","357","358","0"
"431","SRC_DESTINATION","97","359","360","0"
"438","BI_DIRECTIONAL","333","361","362","0"
"439","BI_DIRECTIONAL","297","363","364","0"
"440","BI_DIRECTIONAL","261","365","366","0"
"441","BI_DIRECTIONAL","224","367","368","0"
"442","BI_DIRECTIONAL","4","369","370","0"
"443","SRC_DESTINATION","97","371","372","0"
"449","BI_DIRECTIONAL","333","373","374","0"
"450","BI_DIRECTIONAL","297","375","376","0"
"451","BI_DIRECTIONAL","261","377","378","0"
"452","BI_DIRECTIONAL","224","379","380","0"
"453","BI_DIRECTIONAL","4","381","382","0"
"454","SRC_DESTINATION","97","383","384","0"
"459","BI_DIRECTIONAL","333","385","386","0"
"460","BI_DIRECTIONAL","297","387","388","0"
"461","BI_DIRECTIONAL","261","389","390","0"
"462","BI_DIRECTIONAL","224","391","392","0"
"463","BI_DIRECTIONAL","4","393","394","0"
"464","SRC_DESTINATION","97","395","396","0"
"471","BI_DIRECTIONAL","333","397","398","0"
"472","BI_DIRECTIONAL","297","399","400","0"
"480","SRC_DESTINATION","70","401","402","0"
"481","SRC_DESTINATION","70","403","404","0"
"482","SRC_DESTINATION","97","405","406","0"
"483","BI_DIRECTIONAL","4","407","408","0"
"484","BI_DIRECTIONAL","224","409","410","0"
"485","BI_DIRECTIONAL","261","411","412","0"
"487","BI_DIRECTIONAL","333","413","414","0"
"488","BI_DIRECTIONAL","297","415","416","0"
"489","BI_DIRECTIONAL","261","417","418","0"
"490","BI_DIRECTIONAL","224","419","420","0"
"491","BI_DIRECTIONAL","4","421","422","0"
"492","SRC_DESTINATION","97","423","424","0"
"498","BI_DIRECTIONAL","333","425","426","0"
"499","BI_DIRECTIONAL","297","427","428","0"
"500","BI_DIRECTIONAL","261","429","430","0"
"501","BI_DIRECTIONAL","224","431","432","0"
"502","BI_DIRECTIONAL","4","433","434","0"
"503","SRC_DESTINATION","97","435","436","0"
"509","BI_DIRECTIONAL","333","437","438","0"
"510","BI_DIRECTIONAL","297","439","440","0"
"511","BI_DIRECTIONAL","261","441","442","0"
"512","BI_DIRECTIONAL","224","443","444","0"
"513","BI_DIRECTIONAL","4","445","446","0"
"514","SRC_DESTINATION","97","447","448","0"
"519","BI_DIRECTIONAL","333","449","450","0"
"520","BI_DIRECTIONAL","297","451","452","0"
"521","BI_DIRECTIONAL","261","453","454","0"
"532","SRC_DESTINATION","97","455","456","0"
"533","BI_DIRECTIONAL","4","457","458","0"
"534","BI_DIRECTIONAL","224","459","460","0"
"536","BI_DIRECTIONAL","333","461","462","0"
"545","SRC_DESTINATION","97","463","464","0"
"546","BI_DIRECTIONAL","4","465","466","0"
"547","BI_DIRECTIONAL","224","467","468","0"
"548","BI_DIRECTIONAL","261","469","470","0"
"549","BI_DIRECTIONAL","297","471","472","0"
"551","BI_DIRECTIONAL","333","473","474","0"
"552","BI_DIRECTIONAL","297","475","476","0"
"553","BI_DIRECTIONAL","261","477","478","0"
"554","BI_DIRECTIONAL","224","479","480","0"
"555","BI_DIRECTIONAL","4","481","482","0"
"556","SRC_DESTINATION","97","483","484","0"
"563","BI_DIRECTIONAL","333","485","486","0"
"564","BI_DIRECTIONAL","297","487","488","0"
"565","BI_DIRECTIONAL","261","489","490","0"
"566","BI_DIRECTIONAL","224","491","492","0"
"567","BI_DIRECTIONAL","4","493","494","0"
"568","SRC_DESTINATION","97","495","496","0"
"574","BI_DIRECTIONAL","333","497","498","0"
"575","BI_DIRECTIONAL","297","499","500","0"
"576","BI_DIRECTIONAL","261","501","502","0"
"577","BI_DIRECTIONAL","224","503","504","0"
"578","BI_DIRECTIONAL","4","505","506","0"
"579","SRC_DESTINATION","97","507","508","0"
"585","BI_DIRECTIONAL","333","509","510","0"
"586","BI_DIRECTIONAL","297","511","512","0"
"587","BI_DIRECTIONAL","261","513","514","0"
"588","BI_DIRECTIONAL","224","515","516","0"
"589","BI_DIRECTIONAL","4","517","518","0"
"590","SRC_DESTINATION","97","519","520","0"
"596","BI_DIRECTIONAL","333","521","522","0"
"597","BI_DIRECTIONAL","297","523","524","0"
"598","BI_DIRECTIONAL","261","525","526","0"
"599","BI_DIRECTIONAL","224","527","528","0"
"600","BI_DIRECTIONAL","4","529","530","0"
"601","SRC_DESTINATION","97","531","532","0"
"608","BI_DIRECTIONAL","333","533","534","0"
"609","BI_DIRECTIONAL","297","535","536","0"
"610","BI_DIRECTIONAL","261","537","538","0"
"611","BI_DIRECTIONAL","224","539","540","0"
"612","BI_DIRECTIONAL","4","541","542","0"
"613","SRC_DESTINATION","97","543","544","0"
"619","BI_DIRECTIONAL","333","545","546","0"
"620","BI_DIRECTIONAL","297","547","548","0"
"621","BI_DIRECTIONAL","261","549","550","0"
"622","BI_DIRECTIONAL","224","551","552","0"
"623","BI_DIRECTIONAL","4","553","554","0"
"624","SRC_DESTINATION","97","555","556","0"
"629","BI_DIRECTIONAL","333","557","558","0"
"630","BI_DIRECTIONAL","297","559","560","0"
"631","BI_DIRECTIONAL","261","561","562","0"
"632","BI_DIRECTIONAL","224","563","564","0"
"633","BI_DIRECTIONAL","4","565","566","0"
"634","SRC_DESTINATION","97","567","568","0"
"641","SRC_DESTINATION","671","569","570","0"
"642","BI_DIRECTIONAL","666","571","572","0"
"643","SRC_DESTINATION","663","573","574","0"
"644","BI_DIRECTIONAL","653","575","576","0"
"645","SRC_DESTINATION","89","577","578","0"
"654","BI_DIRECTIONAL","657","579","580","0"
"675","SRC_DESTINATION","671","581","582","0"
"676","BI_DIRECTIONAL","666","583","584","0"
"677","SRC_DESTINATION","663","585","586","0"
"678","BI_DIRECTIONAL","653","587","588","0"
"679","SRC_DESTINATION","685","589","590","0"
"680","SRC_DESTINATION","89","591","592","0"
"686","BI_DIRECTIONAL","698","593","594","0"
"687","SRC_DESTINATION","671","595","596","0"
"688","BI_DIRECTIONAL","666","597","598","0"
"689","SRC_DESTINATION","663","599","600","0"
"690","BI_DIRECTIONAL","379","601","602","0"
"691","BI_DIRECTIONAL","653","603","604","0"
"692","SRC_DESTINATION","89","605","606","0"
"699","BI_DIRECTIONAL","709","607","608","0"
"700","BI_DIRECTIONAL","706","609","610","0"
"710","SRC_DESTINATION","714","611","612","0"
"718","BI_DIRECTIONAL","177","613","614","0"
"723","SRC_DESTINATION","89","615","616","0"
"724","BI_DIRECTIONAL","717","617","618","0"
"730","SRC_DESTINATION","208","619","620","0"
"731","SRC_DESTINATION","211","621","622","0"
"732","SRC_DESTINATION","214","623","624","0"
"733","SRC_DESTINATION","217","625","626","0"
"734","SRC_DESTINATION","206","627","628","0"
"735","BI_DIRECTIONAL","762","629","630","0"
"736","SRC_DESTINATION","740","631","632","0"
"742","SRC_DESTINATION","53","633","634","0"
"743","SRC_DESTINATION","206","635","636","0"
"744","SRC_DESTINATION","217","637","638","0"
"745","SRC_DESTINATION","214","639","640","0"
"746","SRC_DESTINATION","211","641","642","0"
"747","SRC_DESTINATION","208","643","644","0"
"748","SRC_DESTINATION","4","645","646","0"
"749","SRC_DESTINATION","224","647","648","0"
"750","SRC_DESTINATION","261","649","650","0"
"751","SRC_DESTINATION","297","651","652","0"
"752","SRC_DESTINATION","333","653","654","0"
"753","BI_DIRECTIONAL","754","655","656","0"
"755","SRC_DESTINATION","192","657","658","0"
"756","SRC_DESTINATION","97","659","660","0"
"757","SRC_DESTINATION","89","661","662","0"
"763","SRC_DESTINATION","754","663","664","0"
"764","SRC_DESTINATION","192","665","666","0"
"771","SRC_DESTINATION","208","667","668","0"
"772","SRC_DESTINATION","211","669","670","0"
"773","SRC_DESTINATION","214","671","672","0"
"774","SRC_DESTINATION","217","673","674","0"
"775","SRC_DESTINATION","206","675","676","0"
"776","BI_DIRECTIONAL","762","677","678","0"
"777","SRC_DESTINATION","740","679","680","0"
"782","SRC_DESTINATION","208","681","682","0"
"783","SRC_DESTINATION","211","683","684","0"
"784","SRC_DESTINATION","214","685","686","0"
"785","SRC_DESTINATION","217","687","688","0"
"786","SRC_DESTINATION","206","689","690","0"
"787","BI_DIRECTIONAL","762","691","692","0"
"788","SRC_DESTINATION","740","693","694","0"
"795","SRC_DESTINATION","208","695","696","0"
"796","SRC_DESTINATION","211","697","698","0"
"797","SRC_DESTINATION","214","699","700","0"
"798","SRC_DESTINATION","217","701","702","0"
"806","SRC_DESTINATION","740","703","704","0"
"807","BI_DIRECTIONAL","762","705","706","0"
"808","SRC_DESTINATION","373","707","708","0"
"809","SRC_DESTINATION","379","709","710","0"
"810","SRC_DESTINATION","722","711","712","0"
"811","SRC_DESTINATION","206","713","714","0"
"813","SRC_DESTINATION","208","715","716","0"
"814","SRC_DESTINATION","211","717","718","0"
"815","SRC_DESTINATION","214","719","720","0"
"816","SRC_DESTINATION","217","721","722","0"
"822","SRC_DESTINATION","740","723","724","0"
"823","BI_DIRECTIONAL","762","725","726","0"
"824","SRC_DESTINATION","4","727","728","0"
"825","SRC_DESTINATION","224","729","730","0"
"826","SRC_DESTINATION","261","731","732","0"
"827","SRC_DESTINATION","297","733","734","0"
"828","SRC_DESTINATION","333","735","736","0"
"829","SRC_DESTINATION","206","737","738","0"
"831","BI_DIRECTIONAL","844","739","740","0"
"832","BI_DIRECTIONAL","177","741","742","0"
"833","SRC_DESTINATION","840","743","744","0"
"834","BI_DIRECTIONAL","379","745","746","0"
"835","SRC_DESTINATION","97","747","748","0"
"841","SRC_DESTINATION","203","749","750","0"
"858","SRC_DESTINATION","208","751","752","0"
"859","SRC_DESTINATION","211","753","754","0"
"860","SRC_DESTINATION","214","755","756","0"
"861","SRC_DESTINATION","217","757","758","0"
"862","SRC_DESTINATION","206","759","760","0"
"863","BI_DIRECTIONAL","762","761","762","0"
"864","SRC_DESTINATION","740","763","764","0"
"869","SRC_DESTINATION","208","765","766","0"
"870","SRC_DESTINATION","211","767","768","0"
"871","SRC_DESTINATION","214","769","770","0"
"872","SRC_DESTINATION","217","771","772","0"
"877","SRC_DESTINATION","740","773","774","0"
"878","BI_DIRECTIONAL","770","775","776","0"
"879","BI_DIRECTIONAL","886","777","778","0"
"880","BI_DIRECTIONAL","781","779","780","0"
"881","BI_DIRECTIONAL","812","781","782","0"
"882","BI_DIRECTIONAL","794","783","784","0"
"883","BI_DIRECTIONAL","762","785","786","0"
"884","SRC_DESTINATION","157","787","788","0"
"885","SRC_DESTINATION","206","789","790","0"
"887","SRC_DESTINATION","208","791","792","0"
"888","SRC_DESTINATION","211","793","794","0"
"892","SRC_DESTINATION","4","795","796","0"
"893","SRC_DESTINATION","224","797","798","0"
"894","SRC_DESTINATION","261","799","800","0"
"895","SRC_DESTINATION","297","801","802","0"
"896","SRC_DESTINATION","333","803","804","0"
"897","SRC_DESTINATION","740","805","806","0"
"898","BI_DIRECTIONAL","762","807","808","0"
"899","SRC_DESTINATION","206","809","810","0"
"900","SRC_DESTINATION","217","811","812","0"
"901","SRC_DESTINATION","214","813","814","0"
"903","BI_DIRECTIONAL","333","815","816","0"
"904","BI_DIRECTIONAL","297","817","818","0"
"905","BI_DIRECTIONAL","261","819","820","0"
"906","BI_DIRECTIONAL","224","821","822","0"
"907","BI_DIRECTIONAL","4","823","824","0"
"912","BI_DIRECTIONAL","915","825","826","0"
"916","BI_DIRECTIONAL","921","827","828","0"
"927","BI_DIRECTIONAL","685","829","830","0"
"933","BI_DIRECTIONAL","192","831","832","0"
"934","SRC_DESTINATION","208","833","834","0"
"935","SRC_DESTINATION","211","835","836","0"
"936","SRC_DESTINATION","214","837","838","0"
"937","SRC_DESTINATION","217","839","840","0"
"938","SRC_DESTINATION","206","841","842","0"
"945","SRC_DESTINATION","89","843","844","0"
"946","BI_DIRECTIONAL","844","845","846","0"
"950","BI_DIRECTIONAL","53","847","848","0"
"951","SRC_DESTINATION","333","849","850","0"
"956","SRC_DESTINATION","206","851","852","0"
"957","SRC_DESTINATION","217","853","854","0"
"958","SRC_DESTINATION","214","855","856","0"
"959","SRC_DESTINATION","211","857","858","0"
"960","SRC_DESTINATION","208","859","860","0"
"961","SRC_DESTINATION","4","861","862","0"
"962","SRC_DESTINATION","224","863","864","0"
"963","SRC_DESTINATION","261","865","866","0"
"964","SRC_DESTINATION","297","867","868","0"
"966","BI_DIRECTIONAL","333","869","870","0"
"967","BI_DIRECTIONAL","297","871","872","0"
"968","BI_DIRECTIONAL","261","873","874","0"
"969","BI_DIRECTIONAL","224","875","876","0"
"970","BI_DIRECTIONAL","4","877","878","0"
"976","BI_DIRECTIONAL","921","879","880","0"
"982","SRC_DESTINATION","208","881","882","0"
"983","SRC_DESTINATION","211","883","884","0"
"984","SRC_DESTINATION","214","885","886","0"
"985","SRC_DESTINATION","217","887","888","0"
"986","SRC_DESTINATION","206","889","890","0"
"987","SRC_DESTINATION","53","891","892","0"
"988","BI_DIRECTIONAL","762","893","894","0"
"989","SRC_DESTINATION","740","895","896","0"
"993","BI_DIRECTIONAL","965","878","877","1"
"994","BI_DIRECTIONAL","902","824","823","1"
"995","BI_DIRECTIONAL","628","566","565","1"
"996","BI_DIRECTIONAL","618","554","553","1"
"997","BI_DIRECTIONAL","607","542","541","1"
"998","BI_DIRECTIONAL","595","530","529","1"
"999","BI_DIRECTIONAL","584","518","517","1"
"1000","BI_DIRECTIONAL","573","506","505","1"
"1001","BI_DIRECTIONAL","562","494","493","1"
"1002","BI_DIRECTIONAL","550","482","481","1"
"1003","BI_DIRECTIONAL","535","466","465","1"
"1004","BI_DIRECTIONAL","518","458","457","1"
"1005","BI_DIRECTIONAL","4","18","17","1"
"1006","BI_DIRECTIONAL","224","136","135","1"
"1007","BI_DIRECTIONAL","261","178","177","1"
"1008","BI_DIRECTIONAL","297","220","219","1"
"1009","BI_DIRECTIONAL","333","262","261","1"
"1010","BI_DIRECTIONAL","415","346","345","1"
"1011","BI_DIRECTIONAL","425","358","357","1"
"1012","BI_DIRECTIONAL","437","370","369","1"
"1013","BI_DIRECTIONAL","448","382","381","1"
"1014","BI_DIRECTIONAL","458","394","393","1"
"1015","BI_DIRECTIONAL","470","408","407","1"
"1016","BI_DIRECTIONAL","486","422","421","1"
"1017","BI_DIRECTIONAL","497","434","433","1"
"1018","BI_DIRECTIONAL","508","446","445","1"
"1019","BI_DIRECTIONAL","53","60","59","1"
"1020","BI_DIRECTIONAL","70","80","79","1"
"1021","BI_DIRECTIONAL","40","50","49","1"
"1022","BI_DIRECTIONAL","949","848","847","1"
"1023","BI_DIRECTIONAL","40","48","47","1"
"1024","BI_DIRECTIONAL","53","62","61","1"
"1025","BI_DIRECTIONAL","70","82","81","1"
"1026","BI_DIRECTIONAL","40","46","45","1"
"1027","BI_DIRECTIONAL","53","64","63","1"
"1028","BI_DIRECTIONAL","70","74","73","1"
"1029","BI_DIRECTIONAL","177","114","113","1"
"1030","BI_DIRECTIONAL","830","742","741","1"
"1031","BI_DIRECTIONAL","717","614","613","1"
"1032","BI_DIRECTIONAL","932","832","831","1"
"1033","BI_DIRECTIONAL","177","116","115","1"
"1034","BI_DIRECTIONAL","965","876","875","1"
"1035","BI_DIRECTIONAL","902","822","821","1"
"1036","BI_DIRECTIONAL","4","16","15","1"
"1037","BI_DIRECTIONAL","628","564","563","1"
"1038","BI_DIRECTIONAL","618","552","551","1"
"1039","BI_DIRECTIONAL","607","540","539","1"
"1040","BI_DIRECTIONAL","595","528","527","1"
"1041","BI_DIRECTIONAL","584","516","515","1"
"1042","BI_DIRECTIONAL","573","504","503","1"
"1043","BI_DIRECTIONAL","562","492","491","1"
"1044","BI_DIRECTIONAL","550","480","479","1"
"1045","BI_DIRECTIONAL","535","468","467","1"
"1046","BI_DIRECTIONAL","518","460","459","1"
"1047","BI_DIRECTIONAL","224","134","133","1"
"1048","BI_DIRECTIONAL","261","176","175","1"
"1049","BI_DIRECTIONAL","297","218","217","1"
"1050","BI_DIRECTIONAL","333","260","259","1"
"1051","BI_DIRECTIONAL","415","344","343","1"
"1052","BI_DIRECTIONAL","425","356","355","1"
"1053","BI_DIRECTIONAL","437","368","367","1"
"1054","BI_DIRECTIONAL","448","380","379","1"
"1055","BI_DIRECTIONAL","458","392","391","1"
"1056","BI_DIRECTIONAL","470","410","409","1"
"1057","BI_DIRECTIONAL","486","420","419","1"
"1058","BI_DIRECTIONAL","497","432","431","1"
"1059","BI_DIRECTIONAL","508","444","443","1"
"1060","BI_DIRECTIONAL","965","874","873","1"
"1061","BI_DIRECTIONAL","902","820","819","1"
"1062","BI_DIRECTIONAL","4","14","13","1"
"1063","BI_DIRECTIONAL","224","132","131","1"
"1064","BI_DIRECTIONAL","628","562","561","1"
"1065","BI_DIRECTIONAL","618","550","549","1"
"1066","BI_DIRECTIONAL","607","538","537","1"
"1067","BI_DIRECTIONAL","595","526","525","1"
"1068","BI_DIRECTIONAL","584","514","513","1"
"1069","BI_DIRECTIONAL","573","502","501","1"
"1070","BI_DIRECTIONAL","562","490","489","1"
"1071","BI_DIRECTIONAL","550","478","477","1"
"1072","BI_DIRECTIONAL","261","174","173","1"
"1073","BI_DIRECTIONAL","297","216","215","1"
"1074","BI_DIRECTIONAL","333","258","257","1"
"1075","BI_DIRECTIONAL","415","342","341","1"
"1076","BI_DIRECTIONAL","425","354","353","1"
"1077","BI_DIRECTIONAL","437","366","365","1"
"1078","BI_DIRECTIONAL","448","378","377","1"
"1079","BI_DIRECTIONAL","458","390","389","1"
"1080","BI_DIRECTIONAL","470","412","411","1"
"1081","BI_DIRECTIONAL","486","418","417","1"
"1082","BI_DIRECTIONAL","497","430","429","1"
"1083","BI_DIRECTIONAL","508","442","441","1"
"1084","BI_DIRECTIONAL","518","454","453","1"
"1085","BI_DIRECTIONAL","535","470","469","1"
"1086","BI_DIRECTIONAL","965","872","871","1"
"1087","BI_DIRECTIONAL","902","818","817","1"
"1088","BI_DIRECTIONAL","4","12","11","1"
"1089","BI_DIRECTIONAL","224","130","129","1"
"1090","BI_DIRECTIONAL","261","172","171","1"
"1091","BI_DIRECTIONAL","628","560","559","1"
"1092","BI_DIRECTIONAL","618","548","547","1"
"1093","BI_DIRECTIONAL","607","536","535","1"
"1094","BI_DIRECTIONAL","595","524","523","1"
"1095","BI_DIRECTIONAL","584","512","511","1"
"1096","BI_DIRECTIONAL","573","500","499","1"
"1097","BI_DIRECTIONAL","562","488","487","1"
"1098","BI_DIRECTIONAL","297","214","213","1"
"1099","BI_DIRECTIONAL","333","256","255","1"
"1100","BI_DIRECTIONAL","415","340","339","1"
"1101","BI_DIRECTIONAL","425","352","351","1"
"1102","BI_DIRECTIONAL","437","364","363","1"
"1103","BI_DIRECTIONAL","448","376","375","1"
"1104","BI_DIRECTIONAL","458","388","387","1"
"1105","BI_DIRECTIONAL","470","400","399","1"
"1106","BI_DIRECTIONAL","486","416","415","1"
"1107","BI_DIRECTIONAL","497","428","427","1"
"1108","BI_DIRECTIONAL","508","440","439","1"
"1109","BI_DIRECTIONAL","518","452","451","1"
"1110","BI_DIRECTIONAL","535","472","471","1"
"1111","BI_DIRECTIONAL","550","476","475","1"
"1112","BI_DIRECTIONAL","965","870","869","1"
"1113","BI_DIRECTIONAL","902","816","815","1"
"1114","BI_DIRECTIONAL","4","10","9","1"
"1115","BI_DIRECTIONAL","224","128","127","1"
"1116","BI_DIRECTIONAL","261","170","169","1"
"1117","BI_DIRECTIONAL","297","212","211","1"
"1118","BI_DIRECTIONAL","628","558","557","1"
"1119","BI_DIRECTIONAL","618","546","545","1"
"1120","BI_DIRECTIONAL","607","534","533","1"
"1121","BI_DIRECTIONAL","595","522","521","1"
"1122","BI_DIRECTIONAL","584","510","509","1"
"1123","BI_DIRECTIONAL","573","498","497","1"
"1124","BI_DIRECTIONAL","333","254","253","1"
"1125","BI_DIRECTIONAL","415","338","337","1"
"1126","BI_DIRECTIONAL","425","350","349","1"
"1127","BI_DIRECTIONAL","437","362","361","1"
"1128","BI_DIRECTIONAL","448","374","373","1"
"1129","BI_DIRECTIONAL","458","386","385","1"
"1130","BI_DIRECTIONAL","470","398","397","1"
"1131","BI_DIRECTIONAL","486","414","413","1"
"1132","BI_DIRECTIONAL","497","426","425","1"
"1133","BI_DIRECTIONAL","508","438","437","1"
"1134","BI_DIRECTIONAL","518","450","449","1"
"1135","BI_DIRECTIONAL","535","462","461","1"
"1136","BI_DIRECTIONAL","550","474","473","1"
"1137","BI_DIRECTIONAL","562","486","485","1"
"1138","BI_DIRECTIONAL","4","6","5","1"
"1139","BI_DIRECTIONAL","224","124","123","1"
"1140","BI_DIRECTIONAL","261","166","165","1"
"1141","BI_DIRECTIONAL","297","208","207","1"
"1142","BI_DIRECTIONAL","333","250","249","1"
"1143","BI_DIRECTIONAL","830","746","745","1"
"1144","BI_DIRECTIONAL","4","4","3","1"
"1145","BI_DIRECTIONAL","224","122","121","1"
"1146","BI_DIRECTIONAL","261","164","163","1"
"1147","BI_DIRECTIONAL","297","206","205","1"
"1148","BI_DIRECTIONAL","333","248","247","1"
"1149","BI_DIRECTIONAL","685","602","601","1"
"1150","BI_DIRECTIONAL","379","312","311","1"
"1151","BI_DIRECTIONAL","379","336","335","1"
"1152","BI_DIRECTIONAL","379","334","333","1"
"1153","BI_DIRECTIONAL","379","332","331","1"
"1154","BI_DIRECTIONAL","379","330","329","1"
"1155","BI_DIRECTIONAL","379","328","327","1"
"1156","BI_DIRECTIONAL","379","326","325","1"
"1157","BI_DIRECTIONAL","379","324","323","1"
"1158","BI_DIRECTIONAL","379","314","313","1"
"1159","BI_DIRECTIONAL","379","322","321","1"
"1160","BI_DIRECTIONAL","379","320","319","1"
"1161","BI_DIRECTIONAL","379","318","317","1"
"1162","BI_DIRECTIONAL","379","316","315","1"
"1163","BI_DIRECTIONAL","379","310","309","1"
"1164","BI_DIRECTIONAL","379","308","307","1"
"1165","BI_DIRECTIONAL","379","306","305","1"
"1166","BI_DIRECTIONAL","379","304","303","1"
"1167","BI_DIRECTIONAL","379","302","301","1"
"1168","BI_DIRECTIONAL","379","300","299","1"
"1169","BI_DIRECTIONAL","674","588","587","1"
"1170","BI_DIRECTIONAL","685","604","603","1"
"1171","BI_DIRECTIONAL","640","576","575","1"
"1172","BI_DIRECTIONAL","653","580","579","1"
"1173","BI_DIRECTIONAL","674","584","583","1"
"1174","BI_DIRECTIONAL","685","598","597","1"
"1175","BI_DIRECTIONAL","640","572","571","1"
"1176","BI_DIRECTIONAL","379","296","295","1"
"1177","BI_DIRECTIONAL","926","830","829","1"
"1178","BI_DIRECTIONAL","685","594","593","1"
"1179","BI_DIRECTIONAL","698","610","609","1"
"1180","BI_DIRECTIONAL","698","608","607","1"
"1181","BI_DIRECTIONAL","722","618","617","1"
"1182","BI_DIRECTIONAL","379","294","293","1"
"1183","BI_DIRECTIONAL","4","2","1","1"
"1184","BI_DIRECTIONAL","224","120","119","1"
"1185","BI_DIRECTIONAL","261","162","161","1"
"1186","BI_DIRECTIONAL","297","204","203","1"
"1187","BI_DIRECTIONAL","333","246","245","1"
"1188","BI_DIRECTIONAL","740","656","655","1"
"1189","BI_DIRECTIONAL","981","894","893","1"
"1190","BI_DIRECTIONAL","886","808","807","1"
"1191","BI_DIRECTIONAL","868","786","785","1"
"1192","BI_DIRECTIONAL","729","630","629","1"
"1193","BI_DIRECTIONAL","770","678","677","1"
"1194","BI_DIRECTIONAL","781","692","691","1"
"1195","BI_DIRECTIONAL","794","706","705","1"
"1196","BI_DIRECTIONAL","812","726","725","1"
"1197","BI_DIRECTIONAL","857","762","761","1"
"1198","BI_DIRECTIONAL","868","776","775","1"
"1199","BI_DIRECTIONAL","868","780","779","1"
"1200","BI_DIRECTIONAL","868","784","783","1"
"1201","BI_DIRECTIONAL","868","782","781","1"
"1202","BI_DIRECTIONAL","944","846","845","1"
"1203","BI_DIRECTIONAL","830","740","739","1"
"1204","BI_DIRECTIONAL","868","778","777","1"
"1205","BI_DIRECTIONAL","911","826","825","1"
"1206","BI_DIRECTIONAL","975","880","879","1"
"1207","BI_DIRECTIONAL","915","828","827","1"
"1224","BI_DIRECTIONAL","177","898","897","1"
"1225","BI_DIRECTIONAL","177","899","900","1"
"1232","SRC_DESTINATION","1236","1211","1212","0"
"1260","SRC_DESTINATION","1227","903","904","0"
"1261","SRC_DESTINATION","1274","905","906","0"
"1262","SRC_DESTINATION","1271","907","908","0"
"1266","SRC_DESTINATION","1236","1209","1210","0"
"1302","SRC_DESTINATION","1283","917","918","0"
"1303","SRC_DESTINATION","1290","919","920","0"
"1304","SRC_DESTINATION","1227","921","922","0"
"1305","SRC_DESTINATION","1264","923","924","0"
"1306","SRC_DESTINATION","1271","925","926","0"
"1307","SRC_DESTINATION","1274","927","928","0"
"1308","SRC_DESTINATION","1230","929","930","0"
"1309","SRC_DESTINATION","1297","931","932","0"
"1310","SRC_DESTINATION","1241","933","934","0"
"1311","SRC_DESTINATION","1279","935","936","0"
"1312","SRC_DESTINATION","1254","937","938","0"
"1313","SRC_DESTINATION","1249","939","940","0"
"1314","SRC_DESTINATION","1277","941","942","0"
"1315","SRC_DESTINATION","1295","943","944","0"
"1316","SRC_DESTINATION","1300","945","946","0"
"1320","SRC_DESTINATION","1322","947","948","0"
"1328","SRC_DESTINATION","1344","951","952","0"
"1329","SRC_DESTINATION","1339","953","954","0"
"1330","SRC_DESTINATION","1332","1213","1214","0"
"1334","SRC_DESTINATION","1336","1217","1218","0"
"1388","BI_DIRECTIONAL","1365","960","959","1"
"1389","BI_DIRECTIONAL","1377","962","961","1"
"1390","SRC_DESTINATION","1325","963","964","0"
"1391","SRC_DESTINATION","1359","965","966","0"
"1392","SRC_DESTINATION","1375","967","968","0"
"1393","SRC_DESTINATION","1349","969","970","0"
"1394","SRC_DESTINATION","1363","971","972","0"
"1395","SRC_DESTINATION","1377","973","974","0"
"1396","SRC_DESTINATION","1357","975","976","0"
"1397","SRC_DESTINATION","1386","977","978","0"
"1398","SRC_DESTINATION","1365","979","980","0"
"1399","SRC_DESTINATION","1400","983","984","0"
"1402","SRC_DESTINATION","1404","1215","1216","0"
"1407","SRC_DESTINATION","1408","1219","1220","0"
"1413","SRC_DESTINATION","1414","1221","1222","0"
"1420","SRC_DESTINATION","1421","1313","1314","0"
"1426","SRC_DESTINATION","1427","1305","1306","0"
"1429","SRC_DESTINATION","1434","997","998","0"
"1430","SRC_DESTINATION","1432","1307","1308","0"
"1442","SRC_DESTINATION","1454","1183","1184","0"
"1443","SRC_DESTINATION","1447","1309","1310","0"
"1449","SRC_DESTINATION","1451","1311","1312","0"
"1456","SRC_DESTINATION","1458","1227","1228","0"
"1463","SRC_DESTINATION","1508","1011","1012","0"
"1464","SRC_DESTINATION","1484","1327","1328","0"
"1465","SRC_DESTINATION","1479","1229","1230","0"
"1466","SRC_DESTINATION","1473","1017","1018","0"
"1467","SRC_DESTINATION","1468","1019","1020","0"
"1486","SRC_DESTINATION","1505","1231","1232","0"
"1487","SRC_DESTINATION","1497","1329","1330","0"
"1488","SRC_DESTINATION","1489","1025","1026","0"
"1499","SRC_DESTINATION","1501","1331","1332","0"
"1510","SRC_DESTINATION","1513","1235","1236","0"
"1520","SRC_DESTINATION","1527","1253","1254","0"
"1521","SRC_DESTINATION","1524","1315","1316","0"
"1529","SRC_DESTINATION","1533","1257","1258","0"
"1547","SRC_DESTINATION","1551","1237","1238","0"
"1568","SRC_DESTINATION","1570","1263","1264","0"
"1579","SRC_DESTINATION","1589","1319","1320","0"
"1580","SRC_DESTINATION","1584","1043","1044","0"
"1602","SRC_DESTINATION","1556","1271","1272","0"
"1610","SRC_DESTINATION","1612","1297","1298","0"
"1617","SRC_DESTINATION","1562","1249","1250","0"
"1618","SRC_DESTINATION","1620","1247","1248","0"
"1622","SRC_DESTINATION","1437","1251","1252","0"
"1633","SRC_DESTINATION","1608","1057","1058","0"
"1634","SRC_DESTINATION","1648","1059","1060","0"
"1636","SRC_DESTINATION","1644","1295","1296","0"
"1650","SRC_DESTINATION","1612","1299","1300","0"
"1669","SRC_DESTINATION","1673","1283","1284","0"
"1670","SRC_DESTINATION","1659","1071","1072","0"
"1678","SRC_DESTINATION","1685","1321","1322","0"
"1679","SRC_DESTINATION","1680","1333","1334","0"
"1682","SRC_DESTINATION","1663","1335","1336","0"
"1687","SRC_DESTINATION","1690","1325","1326","0"
"1695","SRC_DESTINATION","1697","1081","1082","0"
"1707","SRC_DESTINATION","1615","1083","1084","0"
"1708","SRC_DESTINATION","1701","1085","1086","0"
"1717","SRC_DESTINATION","1731","1303","1304","0"
"1718","SRC_DESTINATION","1693","1301","1302","0"
"1719","SRC_DESTINATION","1727","1091","1092","0"
"1720","SRC_DESTINATION","1723","1093","1094","0"
"1725","SRC_DESTINATION","1697","1095","1096","0"
"1729","SRC_DESTINATION","1697","1097","1098","0"
"1733","SRC_DESTINATION","1697","1099","1100","0"
"1745","SRC_DESTINATION","1749","1101","1102","0"
"1746","SRC_DESTINATION","1605","1269","1270","0"
"1747","SRC_DESTINATION","1600","1105","1106","0"
"1751","SRC_DESTINATION","1556","1273","1274","0"
"1756","SRC_DESTINATION","1762","1281","1282","0"
"1758","SRC_DESTINATION","1667","1113","1114","0"
"1759","SRC_DESTINATION","1709","1275","1276","0"
"1767","SRC_DESTINATION","1770","1339","1340","0"
"1776","SRC_DESTINATION","1777","1121","1122","0"
"1779","SRC_DESTINATION","1781","1267","1268","0"
"1786","SRC_DESTINATION","1770","1289","1290","0"
"1790","SRC_DESTINATION","1541","1287","1288","0"
"1791","SRC_DESTINATION","1784","1129","1130","0"
"1792","SRC_DESTINATION","1640","1131","1132","0"
"1793","SRC_DESTINATION","1765","1337","1338","0"
"1799","SRC_DESTINATION","1566","1259","1260","0"
"1800","SRC_DESTINATION","1574","1261","1262","0"
"1805","SRC_DESTINATION","1440","1139","1140","0"
"1806","SRC_DESTINATION","1577","1141","1142","0"
"1807","SRC_DESTINATION","1461","1143","1144","0"
"1808","SRC_DESTINATION","1545","1145","1146","0"
"1809","SRC_DESTINATION","1676","1147","1148","0"
"1810","SRC_DESTINATION","1652","1149","1150","0"
"1811","SRC_DESTINATION","1794","1151","1152","0"
"1812","SRC_DESTINATION","1625","1153","1154","0"
"1813","SRC_DESTINATION","1705","1155","1156","0"
"1814","SRC_DESTINATION","1516","1157","1158","0"
"1815","SRC_DESTINATION","1559","1159","1160","0"
"1816","SRC_DESTINATION","1518","1161","1162","0"
"1817","SRC_DESTINATION","1536","1163","1164","0"
"1818","SRC_DESTINATION","1539","1165","1166","0"
"1819","SRC_DESTINATION","1797","1167","1168","0"
"1820","SRC_DESTINATION","1735","1169","1170","0"
"1821","SRC_DESTINATION","1773","1171","1172","0"
"1822","SRC_DESTINATION","1754","1173","1174","0"
"1823","SRC_DESTINATION","1593","1175","1176","0"
"1824","SRC_DESTINATION","1788","1177","1178","0"
"1825","SRC_DESTINATION","1631","1179","1180","0"
"1826","SRC_DESTINATION","1715","1181","1182","0"
"1827","SRC_DESTINATION","1828","1265","1266","0"
"1834","SRC_DESTINATION","1838","1277","1278","0"
"1835","SRC_DESTINATION","1836","1279","1280","0"
"1840","SRC_DESTINATION","1841","1285","1286","0"
"1843","SRC_DESTINATION","1847","1291","1292","0"
"1844","SRC_DESTINATION","1845","1293","1294","0"
