"1","ASSOCIATION","2","0","specimenCollection"
"2","ASSOCIATION","1","0","specimenCollectionGroup"
"3","ASSOCIATION","2","0","specimenCollection"
"4","ASSOCIATION","1","0","specimenCollectionGroup"
"5","ASSOCIATION","2","0","specimenCollection"
"6","ASSOCIATION","1","0","specimenCollectionGroup"
"7","ASSOCIATION","1","0","edu.wustl.catissuecore.domain.Specimen"
"8","CONTAINTMENT","2","0","consentTierStatusCollection"
"9","ASSOCIATION","1","0","parentSpecimen"
"10","ASSOCIATION","2","0","childrenSpecimen"
"11","ASSOCIATION","1","0","parentSpecimen"
"12","ASSOCIATION","2","0","childrenSpecimen"
"13","ASSOCIATION","1","0","parentSpecimen"
"14","ASSOCIATION","2","0","childrenSpecimen"
"15","ASSOCIATION","1","0","parentSpecimen"
"16","ASSOCIATION","2","0","childrenSpecimen"
"17","ASSOCIATION","1","0","parentSpecimen"
"18","ASSOCIATION","2","0","childrenSpecimen"
"19","ASSOCIATION","2","1","edu.wustl.catissuecore.domain.Specimen"
"20","CONTAINTMENT","1","0","specimenCharacteristics"
"21","ASSOCIATION","1","0","edu.wustl.catissuecore.domain.Specimen"
"22","ASSOCIATION","1","0","availableQuantity"
"23","ASSOCIATION","1","0","edu.wustl.catissuecore.domain.Specimen"
"24","ASSOCIATION","1","0","availableQuantity"
"25","ASSOCIATION","1","0","edu.wustl.catissuecore.domain.Specimen"
"26","ASSOCIATION","1","0","availableQuantity"
"27","ASSOCIATION","1","0","edu.wustl.catissuecore.domain.Specimen"
"28","ASSOCIATION","1","0","availableQuantity"
"29","ASSOCIATION","1","0","edu.wustl.catissuecore.domain.Specimen"
"30","ASSOCIATION","1","0","availableQuantity"
"31","ASSOCIATION","1","0","edu.wustl.catissuecore.domain.Specimen"
"32","ASSOCIATION","1","0","initialQuantity"
"33","ASSOCIATION","1","0","edu.wustl.catissuecore.domain.Specimen"
"34","ASSOCIATION","1","0","initialQuantity"
"35","ASSOCIATION","1","0","edu.wustl.catissuecore.domain.Specimen"
"36","ASSOCIATION","1","0","initialQuantity"
"37","ASSOCIATION","1","0","edu.wustl.catissuecore.domain.Specimen"
"38","ASSOCIATION","1","0","initialQuantity"
"39","ASSOCIATION","1","0","edu.wustl.catissuecore.domain.Specimen"
"40","ASSOCIATION","1","0","initialQuantity"
"41","ASSOCIATION","2","0","specimenCollection"
"42","ASSOCIATION","1","0","storageContainer"
"43","ASSOCIATION","1","0","edu.wustl.catissuecore.domain.Container"
"44","CONTAINTMENT","1","0","capacity"
"45","ASSOCIATION","2","0","children"
"46","ASSOCIATION","1","0","parent"
"47","ASSOCIATION","2","0","children"
"48","ASSOCIATION","1","0","parent"
"49","ASSOCIATION","2","0","children"
"50","ASSOCIATION","1","0","parent"
"51","ASSOCIATION","1","0","edu.wustl.catissuecore.domain.SpecimenArray"
"52","CONTAINTMENT","1","0","capacity"
"53","ASSOCIATION","1","0","edu.wustl.catissuecore.domain.SpecimenArray"
"54","ASSOCIATION","1","0","storageContainer"
"55","ASSOCIATION","2","0","edu.wustl.catissuecore.domain.SpecimenArray"
"56","ASSOCIATION","1","0","createdBy"
"57","ASSOCIATION","1","0","edu.wustl.catissuecore.domain.SpecimenArray"
"58","ASSOCIATION","1","0","specimenArrayType"
"59","ASSOCIATION","2","0","children"
"60","ASSOCIATION","1","0","parent"
"61","ASSOCIATION","2","0","children"
"62","ASSOCIATION","1","0","parent"
"63","ASSOCIATION","2","0","children"
"64","ASSOCIATION","1","0","parent"
"65","ASSOCIATION","1","0","edu.wustl.catissuecore.domain.StorageContainer"
"66","CONTAINTMENT","1","0","capacity"
"67","ASSOCIATION","2","0","edu.wustl.catissuecore.domain.StorageContainer"
"68","ASSOCIATION","2","0","holdsSpecimenArrayTypeCollection"
"69","ASSOCIATION","2","0","edu.wustl.catissuecore.domain.StorageContainer"
"70","ASSOCIATION","2","0","holdsStorageTypeCollection"
"71","ASSOCIATION","2","0","edu.wustl.catissuecore.domain.StorageContainer"
"72","ASSOCIATION","2","0","collectionProtocolCollection"
"73","ASSOCIATION","2","0","children"
"74","ASSOCIATION","1","0","parent"
"75","ASSOCIATION","1","0","edu.wustl.catissuecore.domain.StorageContainer"
"76","ASSOCIATION","1","0","storageType"
"77","ASSOCIATION","2","0","edu.wustl.catissuecore.domain.StorageContainer"
"78","ASSOCIATION","1","0","site"
"79","ASSOCIATION","2","0","children"
"80","ASSOCIATION","1","0","parent"
"81","ASSOCIATION","2","0","children"
"82","ASSOCIATION","1","0","parent"
"83","ASSOCIATION","1","0","edu.wustl.catissuecore.domain.Site"
"84","CONTAINTMENT","1","0","address"
"85","ASSOCIATION","2","0","edu.wustl.catissuecore.domain.Site"
"86","ASSOCIATION","1","0","coordinator"
"87","ASSOCIATION","2","0","edu.wustl.catissuecore.domain.User"
"88","ASSOCIATION","1","0","department"
"89","ASSOCIATION","2","0","edu.wustl.catissuecore.domain.User"
"90","ASSOCIATION","1","0","cancerResearchGroup"
"91","ASSOCIATION","2","0","edu.wustl.catissuecore.domain.User"
"92","ASSOCIATION","1","0","institution"
"93","ASSOCIATION","1","0","edu.wustl.catissuecore.domain.User"
"94","CONTAINTMENT","1","0","address"
"95","ASSOCIATION","1","0","edu.wustl.catissuecore.domain.User"
"96","ASSOCIATION","2","1","passwordCollection"
"97","ASSOCIATION","1","0","edu.wustl.catissuecore.domain.ContainerType"
"98","CONTAINTMENT","1","0","capacity"
"99","ASSOCIATION","2","0","edu.wustl.catissuecore.domain.StorageType"
"100","ASSOCIATION","2","0","holdsSpecimenArrayTypeCollection"
"101","ASSOCIATION","1","0","edu.wustl.catissuecore.domain.StorageType"
"102","CONTAINTMENT","1","0","capacity"
"103","ASSOCIATION","2","0","edu.wustl.catissuecore.domain.StorageType"
"104","ASSOCIATION","2","0","holdsStorageTypeCollection"
"105","ASSOCIATION","1","0","edu.wustl.catissuecore.domain.SpecimenArrayType"
"106","CONTAINTMENT","1","0","capacity"
"107","ASSOCIATION","2","0","edu.wustl.catissuecore.domain.SpecimenProtocol"
"108","ASSOCIATION","1","0","principalInvestigator"
"109","ASSOCIATION","1","0","edu.wustl.catissuecore.domain.CollectionProtocol"
"110","CONTAINTMENT","2","0","consentTierCollection"
"111","ASSOCIATION","2","0","edu.wustl.catissuecore.domain.CollectionProtocol"
"112","ASSOCIATION","1","0","principalInvestigator"
"113","ASSOCIATION","2","0","collectionProtocolCollection"
"114","ASSOCIATION","2","0","coordinatorCollection"
"115","ASSOCIATION","2","0","collectionProtocolCollection"
"116","ASSOCIATION","2","0","distributionProtocolCollection"
"117","ASSOCIATION","2","0","edu.wustl.catissuecore.domain.DistributionProtocol"
"118","ASSOCIATION","1","0","principalInvestigator"
"119","ASSOCIATION","2","0","specimenCollection"
"120","ASSOCIATION","1","0","specimenCollectionGroup"
"121","ASSOCIATION","2","0","specimenCollection"
"122","ASSOCIATION","1","0","specimenCollectionGroup"
"123","ASSOCIATION","2","0","specimenCollection"
"124","ASSOCIATION","1","0","specimenCollectionGroup"
"125","ASSOCIATION","1","0","edu.wustl.catissuecore.domain.MolecularSpecimen"
"126","ASSOCIATION","2","0","consentTierStatusCollection"
"127","ASSOCIATION","1","0","parentSpecimen"
"128","ASSOCIATION","2","0","childrenSpecimen"
"129","ASSOCIATION","1","0","parentSpecimen"
"130","ASSOCIATION","2","0","childrenSpecimen"
"131","ASSOCIATION","1","0","parentSpecimen"
"132","ASSOCIATION","2","0","childrenSpecimen"
"133","ASSOCIATION","1","0","parentSpecimen"
"134","ASSOCIATION","2","0","childrenSpecimen"
"135","ASSOCIATION","1","0","parentSpecimen"
"136","ASSOCIATION","2","0","childrenSpecimen"
"137","ASSOCIATION","2","1","edu.wustl.catissuecore.domain.MolecularSpecimen"
"138","CONTAINTMENT","1","0","specimenCharacteristics"
"139","ASSOCIATION","2","0","specimenCollection"
"140","ASSOCIATION","1","0","storageContainer"
"141","ASSOCIATION","1","0","edu.wustl.catissuecore.domain.MolecularSpecimen"
"142","ASSOCIATION","1","0","availableQuantity"
"143","ASSOCIATION","1","0","edu.wustl.catissuecore.domain.MolecularSpecimen"
"144","ASSOCIATION","1","0","availableQuantity"
"145","ASSOCIATION","1","0","edu.wustl.catissuecore.domain.MolecularSpecimen"
"146","ASSOCIATION","1","0","availableQuantity"
"147","ASSOCIATION","1","0","edu.wustl.catissuecore.domain.MolecularSpecimen"
"148","ASSOCIATION","1","0","availableQuantity"
"149","ASSOCIATION","1","0","edu.wustl.catissuecore.domain.MolecularSpecimen"
"150","ASSOCIATION","1","0","availableQuantity"
"151","ASSOCIATION","1","0","edu.wustl.catissuecore.domain.MolecularSpecimen"
"152","ASSOCIATION","1","0","initialQuantity"
"153","ASSOCIATION","1","0","edu.wustl.catissuecore.domain.MolecularSpecimen"
"154","ASSOCIATION","1","0","initialQuantity"
"155","ASSOCIATION","1","0","edu.wustl.catissuecore.domain.MolecularSpecimen"
"156","ASSOCIATION","1","0","initialQuantity"
"157","ASSOCIATION","1","0","edu.wustl.catissuecore.domain.MolecularSpecimen"
"158","ASSOCIATION","1","0","initialQuantity"
"159","ASSOCIATION","1","0","edu.wustl.catissuecore.domain.MolecularSpecimen"
"160","ASSOCIATION","1","0","initialQuantity"
"161","ASSOCIATION","2","0","specimenCollection"
"162","ASSOCIATION","1","0","specimenCollectionGroup"
"163","ASSOCIATION","2","0","specimenCollection"
"164","ASSOCIATION","1","0","specimenCollectionGroup"
"165","ASSOCIATION","2","0","specimenCollection"
"166","ASSOCIATION","1","0","specimenCollectionGroup"
"167","ASSOCIATION","1","0","edu.wustl.catissuecore.domain.CellSpecimen"
"168","ASSOCIATION","2","0","consentTierStatusCollection"
"169","ASSOCIATION","1","0","parentSpecimen"
"170","ASSOCIATION","2","0","childrenSpecimen"
"171","ASSOCIATION","1","0","parentSpecimen"
"172","ASSOCIATION","2","0","childrenSpecimen"
"173","ASSOCIATION","1","0","parentSpecimen"
"174","ASSOCIATION","2","0","childrenSpecimen"
"175","ASSOCIATION","1","0","parentSpecimen"
"176","ASSOCIATION","2","0","childrenSpecimen"
"177","ASSOCIATION","1","0","parentSpecimen"
"178","ASSOCIATION","2","0","childrenSpecimen"
"179","ASSOCIATION","2","1","edu.wustl.catissuecore.domain.CellSpecimen"
"180","CONTAINTMENT","1","0","specimenCharacteristics"
"181","ASSOCIATION","1","0","edu.wustl.catissuecore.domain.CellSpecimen"
"182","ASSOCIATION","1","0","availableQuantity"
"183","ASSOCIATION","1","0","edu.wustl.catissuecore.domain.CellSpecimen"
"184","ASSOCIATION","1","0","availableQuantity"
"185","ASSOCIATION","1","0","edu.wustl.catissuecore.domain.CellSpecimen"
"186","ASSOCIATION","1","0","availableQuantity"
"187","ASSOCIATION","1","0","edu.wustl.catissuecore.domain.CellSpecimen"
"188","ASSOCIATION","1","0","availableQuantity"
"189","ASSOCIATION","1","0","edu.wustl.catissuecore.domain.CellSpecimen"
"190","ASSOCIATION","1","0","availableQuantity"
"191","ASSOCIATION","1","0","edu.wustl.catissuecore.domain.CellSpecimen"
"192","ASSOCIATION","1","0","initialQuantity"
"193","ASSOCIATION","1","0","edu.wustl.catissuecore.domain.CellSpecimen"
"194","ASSOCIATION","1","0","initialQuantity"
"195","ASSOCIATION","1","0","edu.wustl.catissuecore.domain.CellSpecimen"
"196","ASSOCIATION","1","0","initialQuantity"
"197","ASSOCIATION","1","0","edu.wustl.catissuecore.domain.CellSpecimen"
"198","ASSOCIATION","1","0","initialQuantity"
"199","ASSOCIATION","1","0","edu.wustl.catissuecore.domain.CellSpecimen"
"200","ASSOCIATION","1","0","initialQuantity"
"201","ASSOCIATION","2","0","specimenCollection"
"202","ASSOCIATION","1","0","storageContainer"
"203","ASSOCIATION","2","0","specimenCollection"
"204","ASSOCIATION","1","0","specimenCollectionGroup"
"205","ASSOCIATION","2","0","specimenCollection"
"206","ASSOCIATION","1","0","specimenCollectionGroup"
"207","ASSOCIATION","2","0","specimenCollection"
"208","ASSOCIATION","1","0","specimenCollectionGroup"
"209","ASSOCIATION","1","0","edu.wustl.catissuecore.domain.TissueSpecimen"
"210","ASSOCIATION","2","0","consentTierStatusCollection"
"211","ASSOCIATION","1","0","parentSpecimen"
"212","ASSOCIATION","2","0","childrenSpecimen"
"213","ASSOCIATION","1","0","parentSpecimen"
"214","ASSOCIATION","2","0","childrenSpecimen"
"215","ASSOCIATION","1","0","parentSpecimen"
"216","ASSOCIATION","2","0","childrenSpecimen"
"217","ASSOCIATION","1","0","parentSpecimen"
"218","ASSOCIATION","2","0","childrenSpecimen"
"219","ASSOCIATION","1","0","parentSpecimen"
"220","ASSOCIATION","2","0","childrenSpecimen"
"221","ASSOCIATION","2","1","edu.wustl.catissuecore.domain.TissueSpecimen"
"222","CONTAINTMENT","1","0","specimenCharacteristics"
"223","ASSOCIATION","1","0","edu.wustl.catissuecore.domain.TissueSpecimen"
"224","ASSOCIATION","1","0","availableQuantity"
"225","ASSOCIATION","1","0","edu.wustl.catissuecore.domain.TissueSpecimen"
"226","ASSOCIATION","1","0","availableQuantity"
"227","ASSOCIATION","1","0","edu.wustl.catissuecore.domain.TissueSpecimen"
"228","ASSOCIATION","1","0","availableQuantity"
"229","ASSOCIATION","1","0","edu.wustl.catissuecore.domain.TissueSpecimen"
"230","ASSOCIATION","1","0","availableQuantity"
"231","ASSOCIATION","1","0","edu.wustl.catissuecore.domain.TissueSpecimen"
"232","ASSOCIATION","1","0","availableQuantity"
"233","ASSOCIATION","1","0","edu.wustl.catissuecore.domain.TissueSpecimen"
"234","ASSOCIATION","1","0","initialQuantity"
"235","ASSOCIATION","1","0","edu.wustl.catissuecore.domain.TissueSpecimen"
"236","ASSOCIATION","1","0","initialQuantity"
"237","ASSOCIATION","1","0","edu.wustl.catissuecore.domain.TissueSpecimen"
"238","ASSOCIATION","1","0","initialQuantity"
"239","ASSOCIATION","1","0","edu.wustl.catissuecore.domain.TissueSpecimen"
"240","ASSOCIATION","1","0","initialQuantity"
"241","ASSOCIATION","1","0","edu.wustl.catissuecore.domain.TissueSpecimen"
"242","ASSOCIATION","1","0","initialQuantity"
"243","ASSOCIATION","2","0","specimenCollection"
"244","ASSOCIATION","1","0","storageContainer"
"245","ASSOCIATION","2","0","specimenCollection"
"246","ASSOCIATION","1","0","specimenCollectionGroup"
"247","ASSOCIATION","2","0","specimenCollection"
"248","ASSOCIATION","1","0","specimenCollectionGroup"
"249","ASSOCIATION","2","0","specimenCollection"
"250","ASSOCIATION","1","0","specimenCollectionGroup"
"251","ASSOCIATION","1","0","edu.wustl.catissuecore.domain.FluidSpecimen"
"252","ASSOCIATION","2","0","consentTierStatusCollection"
"253","ASSOCIATION","1","0","parentSpecimen"
"254","ASSOCIATION","2","0","childrenSpecimen"
"255","ASSOCIATION","1","0","parentSpecimen"
"256","ASSOCIATION","2","0","childrenSpecimen"
"257","ASSOCIATION","1","0","parentSpecimen"
"258","ASSOCIATION","2","0","childrenSpecimen"
"259","ASSOCIATION","1","0","parentSpecimen"
"260","ASSOCIATION","2","0","childrenSpecimen"
"261","ASSOCIATION","1","0","parentSpecimen"
"262","ASSOCIATION","2","0","childrenSpecimen"
"263","ASSOCIATION","2","1","edu.wustl.catissuecore.domain.FluidSpecimen"
"264","CONTAINTMENT","1","0","specimenCharacteristics"
"265","ASSOCIATION","1","0","edu.wustl.catissuecore.domain.FluidSpecimen"
"266","ASSOCIATION","1","0","availableQuantity"
"267","ASSOCIATION","1","0","edu.wustl.catissuecore.domain.FluidSpecimen"
"268","ASSOCIATION","1","0","availableQuantity"
"269","ASSOCIATION","1","0","edu.wustl.catissuecore.domain.FluidSpecimen"
"270","ASSOCIATION","1","0","availableQuantity"
"271","ASSOCIATION","1","0","edu.wustl.catissuecore.domain.FluidSpecimen"
"272","ASSOCIATION","1","0","availableQuantity"
"273","ASSOCIATION","1","0","edu.wustl.catissuecore.domain.FluidSpecimen"
"274","ASSOCIATION","1","0","availableQuantity"
"275","ASSOCIATION","1","0","edu.wustl.catissuecore.domain.FluidSpecimen"
"276","ASSOCIATION","1","0","initialQuantity"
"277","ASSOCIATION","1","0","edu.wustl.catissuecore.domain.FluidSpecimen"
"278","ASSOCIATION","1","0","initialQuantity"
"279","ASSOCIATION","1","0","edu.wustl.catissuecore.domain.FluidSpecimen"
"280","ASSOCIATION","1","0","initialQuantity"
"281","ASSOCIATION","1","0","edu.wustl.catissuecore.domain.FluidSpecimen"
"282","ASSOCIATION","1","0","initialQuantity"
"283","ASSOCIATION","1","0","edu.wustl.catissuecore.domain.FluidSpecimen"
"284","ASSOCIATION","1","0","initialQuantity"
"285","ASSOCIATION","2","0","specimenCollection"
"286","ASSOCIATION","1","0","storageContainer"
"287","ASSOCIATION","2","0","edu.wustl.catissuecore.domain.ConsentTierStatus"
"288","ASSOCIATION","1","0","consentTier"
"289","ASSOCIATION","2","0","abstractSpecimenCollectionGroupCollection"
"290","ASSOCIATION","1","0","specimenCollectionSite"
"291","ASSOCIATION","2","0","abstractSpecimenCollectionGroupCollection"
"292","ASSOCIATION","1","0","specimenCollectionSite"
"293","ASSOCIATION","2","0","specimenCollectionGroupCollection"
"294","CONTAINTMENT","1","0","collectionProtocolEvent"
"295","ASSOCIATION","1","0","specimenCollectionGroup"
"296","ASSOCIATION","1","0","identifiedSurgicalPathologyReport"
"297","ASSOCIATION","1","0","edu.wustl.catissuecore.domain.SpecimenCollectionGroup"
"298","CONTAINTMENT","2","0","consentTierStatusCollection"
"299","ASSOCIATION","2","0","specimenCollectionGroup"
"300","CONTAINTMENT","2","0","specimenEventParametersCollection"
"301","ASSOCIATION","2","0","specimenCollectionGroup"
"302","CONTAINTMENT","2","0","specimenEventParametersCollection"
"303","ASSOCIATION","2","0","specimenCollectionGroup"
"304","CONTAINTMENT","2","0","specimenEventParametersCollection"
"305","ASSOCIATION","2","0","specimenCollectionGroup"
"306","CONTAINTMENT","2","0","specimenEventParametersCollection"
"307","ASSOCIATION","2","0","specimenCollectionGroup"
"308","CONTAINTMENT","2","0","specimenEventParametersCollection"
"309","ASSOCIATION","2","0","specimenCollectionGroup"
"310","CONTAINTMENT","2","0","specimenEventParametersCollection"
"311","ASSOCIATION","2","0","specimenCollectionGroup"
"312","CONTAINTMENT","2","0","specimenEventParametersCollection"
"313","ASSOCIATION","2","0","specimenCollectionGroup"
"314","CONTAINTMENT","2","0","specimenEventParametersCollection"
"315","ASSOCIATION","2","0","specimenCollectionGroup"
"316","CONTAINTMENT","2","0","specimenEventParametersCollection"
"317","ASSOCIATION","2","0","specimenCollectionGroup"
"318","CONTAINTMENT","2","0","specimenEventParametersCollection"
"319","ASSOCIATION","2","0","specimenCollectionGroup"
"320","CONTAINTMENT","2","0","specimenEventParametersCollection"
"321","ASSOCIATION","2","0","specimenCollectionGroup"
"322","CONTAINTMENT","2","0","specimenEventParametersCollection"
"323","ASSOCIATION","2","0","specimenCollectionGroup"
"324","CONTAINTMENT","2","0","specimenEventParametersCollection"
"325","ASSOCIATION","2","0","specimenCollectionGroup"
"326","CONTAINTMENT","2","0","specimenEventParametersCollection"
"327","ASSOCIATION","2","0","specimenCollectionGroup"
"328","CONTAINTMENT","2","0","specimenEventParametersCollection"
"329","ASSOCIATION","2","0","specimenCollectionGroup"
"330","CONTAINTMENT","2","0","specimenEventParametersCollection"
"331","ASSOCIATION","2","0","specimenCollectionGroup"
"332","CONTAINTMENT","2","0","specimenEventParametersCollection"
"333","ASSOCIATION","2","0","specimenCollectionGroup"
"334","CONTAINTMENT","2","0","specimenEventParametersCollection"
"335","ASSOCIATION","2","0","specimenCollectionGroup"
"336","CONTAINTMENT","2","0","specimenEventParametersCollection"
"337","ASSOCIATION","2","0","specimenEventCollection"
"338","ASSOCIATION","1","0","specimen"
"339","CONTAINTMENT","2","0","specimenEventCollection"
"340","ASSOCIATION","1","0","specimen"
"341","CONTAINTMENT","2","0","specimenEventCollection"
"342","ASSOCIATION","1","0","specimen"
"343","CONTAINTMENT","2","0","specimenEventCollection"
"344","ASSOCIATION","1","0","specimen"
"345","CONTAINTMENT","2","0","specimenEventCollection"
"346","ASSOCIATION","1","0","specimen"
"347","ASSOCIATION","2","0","edu.wustl.catissuecore.domain.SpecimenEventParameters"
"348","ASSOCIATION","1","0","user"
"349","CONTAINTMENT","2","0","specimenEventCollection"
"350","ASSOCIATION","1","0","specimen"
"351","CONTAINTMENT","2","0","specimenEventCollection"
"352","ASSOCIATION","1","0","specimen"
"353","CONTAINTMENT","2","0","specimenEventCollection"
"354","ASSOCIATION","1","0","specimen"
"355","CONTAINTMENT","2","0","specimenEventCollection"
"356","ASSOCIATION","1","0","specimen"
"357","CONTAINTMENT","2","0","specimenEventCollection"
"358","ASSOCIATION","1","0","specimen"
"359","ASSOCIATION","2","0","edu.wustl.catissuecore.domain.SpunEventParameters"
"360","ASSOCIATION","1","0","user"
"361","CONTAINTMENT","2","0","specimenEventCollection"
"362","ASSOCIATION","1","0","specimen"
"363","CONTAINTMENT","2","0","specimenEventCollection"
"364","ASSOCIATION","1","0","specimen"
"365","CONTAINTMENT","2","0","specimenEventCollection"
"366","ASSOCIATION","1","0","specimen"
"367","CONTAINTMENT","2","0","specimenEventCollection"
"368","ASSOCIATION","1","0","specimen"
"369","CONTAINTMENT","2","0","specimenEventCollection"
"370","ASSOCIATION","1","0","specimen"
"371","ASSOCIATION","2","0","edu.wustl.catissuecore.domain.EmbeddedEventParameters"
"372","ASSOCIATION","1","0","user"
"373","CONTAINTMENT","2","0","specimenEventCollection"
"374","ASSOCIATION","1","0","specimen"
"375","CONTAINTMENT","2","0","specimenEventCollection"
"376","ASSOCIATION","1","0","specimen"
"377","CONTAINTMENT","2","0","specimenEventCollection"
"378","ASSOCIATION","1","0","specimen"
"379","CONTAINTMENT","2","0","specimenEventCollection"
"380","ASSOCIATION","1","0","specimen"
"381","CONTAINTMENT","2","0","specimenEventCollection"
"382","ASSOCIATION","1","0","specimen"
"383","ASSOCIATION","2","0","edu.wustl.catissuecore.domain.ThawEventParameters"
"384","ASSOCIATION","1","0","user"
"385","CONTAINTMENT","2","0","specimenEventCollection"
"386","ASSOCIATION","1","0","specimen"
"387","CONTAINTMENT","2","0","specimenEventCollection"
"388","ASSOCIATION","1","0","specimen"
"389","CONTAINTMENT","2","0","specimenEventCollection"
"390","ASSOCIATION","1","0","specimen"
"391","CONTAINTMENT","2","0","specimenEventCollection"
"392","ASSOCIATION","1","0","specimen"
"393","CONTAINTMENT","2","0","specimenEventCollection"
"394","ASSOCIATION","1","0","specimen"
"395","ASSOCIATION","2","0","edu.wustl.catissuecore.domain.FixedEventParameters"
"396","ASSOCIATION","1","0","user"
"397","CONTAINTMENT","2","0","specimenEventCollection"
"398","ASSOCIATION","1","0","specimen"
"399","CONTAINTMENT","2","0","specimenEventCollection"
"400","ASSOCIATION","1","0","specimen"
"401","ASSOCIATION","2","0","edu.wustl.catissuecore.domain.TransferEventParameters"
"402","ASSOCIATION","1","0","fromStorageContainer"
"403","ASSOCIATION","2","0","edu.wustl.catissuecore.domain.TransferEventParameters"
"404","ASSOCIATION","1","0","toStorageContainer"
"405","ASSOCIATION","2","0","edu.wustl.catissuecore.domain.TransferEventParameters"
"406","ASSOCIATION","1","0","user"
"407","CONTAINTMENT","2","0","specimenEventCollection"
"408","ASSOCIATION","1","0","specimen"
"409","CONTAINTMENT","2","0","specimenEventCollection"
"410","ASSOCIATION","1","0","specimen"
"411","CONTAINTMENT","2","0","specimenEventCollection"
"412","ASSOCIATION","1","0","specimen"
"413","CONTAINTMENT","2","0","specimenEventCollection"
"414","ASSOCIATION","1","0","specimen"
"415","CONTAINTMENT","2","0","specimenEventCollection"
"416","ASSOCIATION","1","0","specimen"
"417","CONTAINTMENT","2","0","specimenEventCollection"
"418","ASSOCIATION","1","0","specimen"
"419","CONTAINTMENT","2","0","specimenEventCollection"
"420","ASSOCIATION","1","0","specimen"
"421","CONTAINTMENT","2","0","specimenEventCollection"
"422","ASSOCIATION","1","0","specimen"
"423","ASSOCIATION","2","0","edu.wustl.catissuecore.domain.ReceivedEventParameters"
"424","ASSOCIATION","1","0","user"
"425","CONTAINTMENT","2","0","specimenEventCollection"
"426","ASSOCIATION","1","0","specimen"
"427","CONTAINTMENT","2","0","specimenEventCollection"
"428","ASSOCIATION","1","0","specimen"
"429","CONTAINTMENT","2","0","specimenEventCollection"
"430","ASSOCIATION","1","0","specimen"
"431","CONTAINTMENT","2","0","specimenEventCollection"
"432","ASSOCIATION","1","0","specimen"
"433","CONTAINTMENT","2","0","specimenEventCollection"
"434","ASSOCIATION","1","0","specimen"
"435","ASSOCIATION","2","0","edu.wustl.catissuecore.domain.CheckInCheckOutEventParameter"
"436","ASSOCIATION","1","0","user"
"437","CONTAINTMENT","2","0","specimenEventCollection"
"438","ASSOCIATION","1","0","specimen"
"439","CONTAINTMENT","2","0","specimenEventCollection"
"440","ASSOCIATION","1","0","specimen"
"441","CONTAINTMENT","2","0","specimenEventCollection"
"442","ASSOCIATION","1","0","specimen"
"443","CONTAINTMENT","2","0","specimenEventCollection"
"444","ASSOCIATION","1","0","specimen"
"445","CONTAINTMENT","2","0","specimenEventCollection"
"446","ASSOCIATION","1","0","specimen"
"447","ASSOCIATION","2","0","edu.wustl.catissuecore.domain.ReviewEventParameters"
"448","ASSOCIATION","1","0","user"
"449","CONTAINTMENT","2","0","specimenEventCollection"
"450","ASSOCIATION","1","0","specimen"
"451","CONTAINTMENT","2","0","specimenEventCollection"
"452","ASSOCIATION","1","0","specimen"
"453","CONTAINTMENT","2","0","specimenEventCollection"
"454","ASSOCIATION","1","0","specimen"
"455","ASSOCIATION","2","0","edu.wustl.catissuecore.domain.MolecularSpecimenReviewParameters"
"456","ASSOCIATION","1","0","user"
"457","CONTAINTMENT","2","0","specimenEventCollection"
"458","ASSOCIATION","1","0","specimen"
"459","CONTAINTMENT","2","0","specimenEventCollection"
"460","ASSOCIATION","1","0","specimen"
"461","CONTAINTMENT","2","0","specimenEventCollection"
"462","ASSOCIATION","1","0","specimen"
"463","ASSOCIATION","2","0","edu.wustl.catissuecore.domain.TissueSpecimenReviewEventParameters"
"464","ASSOCIATION","1","0","user"
"465","CONTAINTMENT","2","0","specimenEventCollection"
"466","ASSOCIATION","1","0","specimen"
"467","CONTAINTMENT","2","0","specimenEventCollection"
"468","ASSOCIATION","1","0","specimen"
"469","CONTAINTMENT","2","0","specimenEventCollection"
"470","ASSOCIATION","1","0","specimen"
"471","CONTAINTMENT","2","0","specimenEventCollection"
"472","ASSOCIATION","1","0","specimen"
"473","CONTAINTMENT","2","0","specimenEventCollection"
"474","ASSOCIATION","1","0","specimen"
"475","CONTAINTMENT","2","0","specimenEventCollection"
"476","ASSOCIATION","1","0","specimen"
"477","CONTAINTMENT","2","0","specimenEventCollection"
"478","ASSOCIATION","1","0","specimen"
"479","CONTAINTMENT","2","0","specimenEventCollection"
"480","ASSOCIATION","1","0","specimen"
"481","CONTAINTMENT","2","0","specimenEventCollection"
"482","ASSOCIATION","1","0","specimen"
"483","ASSOCIATION","2","0","edu.wustl.catissuecore.domain.CellSpecimenReviewParameters"
"484","ASSOCIATION","1","0","user"
"485","CONTAINTMENT","2","0","specimenEventCollection"
"486","ASSOCIATION","1","0","specimen"
"487","CONTAINTMENT","2","0","specimenEventCollection"
"488","ASSOCIATION","1","0","specimen"
"489","CONTAINTMENT","2","0","specimenEventCollection"
"490","ASSOCIATION","1","0","specimen"
"491","CONTAINTMENT","2","0","specimenEventCollection"
"492","ASSOCIATION","1","0","specimen"
"493","CONTAINTMENT","2","0","specimenEventCollection"
"494","ASSOCIATION","1","0","specimen"
"495","ASSOCIATION","2","0","edu.wustl.catissuecore.domain.FluidSpecimenReviewEventParameters"
"496","ASSOCIATION","1","0","user"
"497","CONTAINTMENT","2","0","specimenEventCollection"
"498","ASSOCIATION","1","0","specimen"
"499","CONTAINTMENT","2","0","specimenEventCollection"
"500","ASSOCIATION","1","0","specimen"
"501","CONTAINTMENT","2","0","specimenEventCollection"
"502","ASSOCIATION","1","0","specimen"
"503","CONTAINTMENT","2","0","specimenEventCollection"
"504","ASSOCIATION","1","0","specimen"
"505","CONTAINTMENT","2","0","specimenEventCollection"
"506","ASSOCIATION","1","0","specimen"
"507","ASSOCIATION","2","0","edu.wustl.catissuecore.domain.DisposalEventParameters"
"508","ASSOCIATION","1","0","user"
"509","CONTAINTMENT","2","0","specimenEventCollection"
"510","ASSOCIATION","1","0","specimen"
"511","CONTAINTMENT","2","0","specimenEventCollection"
"512","ASSOCIATION","1","0","specimen"
"513","CONTAINTMENT","2","0","specimenEventCollection"
"514","ASSOCIATION","1","0","specimen"
"515","CONTAINTMENT","2","0","specimenEventCollection"
"516","ASSOCIATION","1","0","specimen"
"517","CONTAINTMENT","2","0","specimenEventCollection"
"518","ASSOCIATION","1","0","specimen"
"519","ASSOCIATION","2","0","edu.wustl.catissuecore.domain.pathology.ClinicalProcedureEventParameterSet"
"520","ASSOCIATION","1","0","user"
"521","CONTAINTMENT","2","0","specimenEventCollection"
"522","ASSOCIATION","1","0","specimen"
"523","CONTAINTMENT","2","0","specimenEventCollection"
"524","ASSOCIATION","1","0","specimen"
"525","CONTAINTMENT","2","0","specimenEventCollection"
"526","ASSOCIATION","1","0","specimen"
"527","CONTAINTMENT","2","0","specimenEventCollection"
"528","ASSOCIATION","1","0","specimen"
"529","CONTAINTMENT","2","0","specimenEventCollection"
"530","ASSOCIATION","1","0","specimen"
"531","ASSOCIATION","2","0","edu.wustl.catissuecore.domain.ProcedureEventParameters"
"532","ASSOCIATION","1","0","user"
"533","CONTAINTMENT","2","0","specimenEventCollection"
"534","ASSOCIATION","1","0","specimen"
"535","CONTAINTMENT","2","0","specimenEventCollection"
"536","ASSOCIATION","1","0","specimen"
"537","CONTAINTMENT","2","0","specimenEventCollection"
"538","ASSOCIATION","1","0","specimen"
"539","CONTAINTMENT","2","0","specimenEventCollection"
"540","ASSOCIATION","1","0","specimen"
"541","CONTAINTMENT","2","0","specimenEventCollection"
"542","ASSOCIATION","1","0","specimen"
"543","ASSOCIATION","2","0","edu.wustl.catissuecore.domain.FrozenEventParameters"
"544","ASSOCIATION","1","0","user"
"545","CONTAINTMENT","2","0","specimenEventCollection"
"546","ASSOCIATION","1","0","specimen"
"547","CONTAINTMENT","2","0","specimenEventCollection"
"548","ASSOCIATION","1","0","specimen"
"549","CONTAINTMENT","2","0","specimenEventCollection"
"550","ASSOCIATION","1","0","specimen"
"551","CONTAINTMENT","2","0","specimenEventCollection"
"552","ASSOCIATION","1","0","specimen"
"553","CONTAINTMENT","2","0","specimenEventCollection"
"554","ASSOCIATION","1","0","specimen"
"555","ASSOCIATION","2","0","edu.wustl.catissuecore.domain.ReturnEventParameters"
"556","ASSOCIATION","1","0","user"
"557","CONTAINTMENT","2","0","specimenEventCollection"
"558","ASSOCIATION","1","0","specimen"
"559","CONTAINTMENT","2","0","specimenEventCollection"
"560","ASSOCIATION","1","0","specimen"
"561","CONTAINTMENT","2","0","specimenEventCollection"
"562","ASSOCIATION","1","0","specimen"
"563","CONTAINTMENT","2","0","specimenEventCollection"
"564","ASSOCIATION","1","0","specimen"
"565","CONTAINTMENT","2","0","specimenEventCollection"
"566","ASSOCIATION","1","0","specimen"
"567","ASSOCIATION","2","0","edu.wustl.catissuecore.domain.CollectionEventParameters"
"568","ASSOCIATION","1","0","user"
"569","ASSOCIATION","2","0","edu.wustl.catissuecore.domain.pathology.SurgicalPathologyReport"
"570","CONTAINTMENT","1","0","xmlContent"
"571","ASSOCIATION","1","0","surgicalPathologyReport"
"572","ASSOCIATION","2","0","pathologyReportReviewParameterCollection"
"573","ASSOCIATION","2","0","edu.wustl.catissuecore.domain.pathology.SurgicalPathologyReport"
"574","ASSOCIATION","1","0","binaryContent"
"575","ASSOCIATION","1","0","surgicalPathologyReport"
"576","CONTAINTMENT","1","0","textContent"
"577","ASSOCIATION","2","0","edu.wustl.catissuecore.domain.pathology.SurgicalPathologyReport"
"578","ASSOCIATION","1","0","reportSource"
"579","ASSOCIATION","1","0","textContent"
"580","CONTAINTMENT","2","0","reportSectionCollection"
"581","ASSOCIATION","2","0","edu.wustl.catissuecore.domain.pathology.IdentifiedSurgicalPathologyReport"
"582","CONTAINTMENT","1","0","xmlContent"
"583","ASSOCIATION","1","0","surgicalPathologyReport"
"584","ASSOCIATION","2","0","pathologyReportReviewParameterCollection"
"585","ASSOCIATION","2","0","edu.wustl.catissuecore.domain.pathology.IdentifiedSurgicalPathologyReport"
"586","ASSOCIATION","1","0","binaryContent"
"587","ASSOCIATION","1","0","surgicalPathologyReport"
"588","CONTAINTMENT","1","0","textContent"
"589","ASSOCIATION","1","0","edu.wustl.catissuecore.domain.pathology.IdentifiedSurgicalPathologyReport"
"590","ASSOCIATION","1","0","deIdentifiedSurgicalPathologyReport"
"591","ASSOCIATION","2","0","edu.wustl.catissuecore.domain.pathology.IdentifiedSurgicalPathologyReport"
"592","ASSOCIATION","1","0","reportSource"
"593","ASSOCIATION","1","0","deIdentifiedSurgicalPathologyReport"
"594","CONTAINTMENT","2","0","conceptReferentCollection"
"595","ASSOCIATION","2","0","edu.wustl.catissuecore.domain.pathology.DeidentifiedSurgicalPathologyReport"
"596","CONTAINTMENT","1","0","xmlContent"
"597","ASSOCIATION","1","0","surgicalPathologyReport"
"598","ASSOCIATION","2","0","pathologyReportReviewParameterCollection"
"599","ASSOCIATION","2","0","edu.wustl.catissuecore.domain.pathology.DeidentifiedSurgicalPathologyReport"
"600","ASSOCIATION","1","0","binaryContent"
"601","ASSOCIATION","1","0","deIdentifiedSurgicalPathologyReport"
"602","ASSOCIATION","1","0","specimenCollectionGroup"
"603","ASSOCIATION","1","0","surgicalPathologyReport"
"604","CONTAINTMENT","1","0","textContent"
"605","ASSOCIATION","2","0","edu.wustl.catissuecore.domain.pathology.DeidentifiedSurgicalPathologyReport"
"606","ASSOCIATION","1","0","reportSource"
"607","ASSOCIATION","2","0","conceptReferentCollection"
"608","ASSOCIATION","1","0","concept"
"609","ASSOCIATION","2","0","conceptReferentCollection"
"610","ASSOCIATION","1","0","conceptReferentClassification"
"611","ASSOCIATION","2","0","edu.wustl.catissuecore.domain.pathology.Concept"
"612","ASSOCIATION","1","0","semanticType"
"613","CONTAINTMENT","2","1","collectionProtocolEventCollection"
"614","ASSOCIATION","1","0","collectionProtocol"
"615","ASSOCIATION","2","0","abstractSpecimenCollectionGroupCollection"
"616","ASSOCIATION","1","0","specimenCollectionSite"
"617","ASSOCIATION","1","0","requiredCollectionSpecimenGroup"
"618","ASSOCIATION","1","0","collectionProtocolEvent"
"619","ASSOCIATION","1","0","edu.wustl.catissuecore.domain.OrderItem"
"620","ASSOCIATION","1","0","requestedQuantity"
"621","ASSOCIATION","1","0","edu.wustl.catissuecore.domain.OrderItem"
"622","ASSOCIATION","1","0","requestedQuantity"
"623","ASSOCIATION","1","0","edu.wustl.catissuecore.domain.OrderItem"
"624","ASSOCIATION","1","0","requestedQuantity"
"625","ASSOCIATION","1","0","edu.wustl.catissuecore.domain.OrderItem"
"626","ASSOCIATION","1","0","requestedQuantity"
"627","ASSOCIATION","1","0","edu.wustl.catissuecore.domain.OrderItem"
"628","CONTAINTMENT","1","0","requestedQuantity"
"629","CONTAINTMENT","2","0","orderItemCollection"
"630","ASSOCIATION","1","0","orderDetails"
"631","ASSOCIATION","2","0","edu.wustl.catissuecore.domain.OrderItem"
"632","ASSOCIATION","1","0","distributedItem"
"633","ASSOCIATION","1","0","edu.wustl.catissuecore.domain.DistributedItem"
"634","ASSOCIATION","1","0","specimenArray"
"635","ASSOCIATION","1","0","edu.wustl.catissuecore.domain.DistributedItem"
"636","ASSOCIATION","1","0","quantity"
"637","ASSOCIATION","1","0","edu.wustl.catissuecore.domain.DistributedItem"
"638","ASSOCIATION","1","0","quantity"
"639","ASSOCIATION","1","0","edu.wustl.catissuecore.domain.DistributedItem"
"640","ASSOCIATION","1","0","quantity"
"641","ASSOCIATION","1","0","edu.wustl.catissuecore.domain.DistributedItem"
"642","ASSOCIATION","1","0","quantity"
"643","ASSOCIATION","1","0","edu.wustl.catissuecore.domain.DistributedItem"
"644","ASSOCIATION","1","0","quantity"
"645","ASSOCIATION","2","0","edu.wustl.catissuecore.domain.DistributedItem"
"646","ASSOCIATION","1","0","specimen"
"647","ASSOCIATION","2","0","edu.wustl.catissuecore.domain.DistributedItem"
"648","ASSOCIATION","1","0","specimen"
"649","ASSOCIATION","2","0","edu.wustl.catissuecore.domain.DistributedItem"
"650","ASSOCIATION","1","0","specimen"
"651","ASSOCIATION","2","0","edu.wustl.catissuecore.domain.DistributedItem"
"652","ASSOCIATION","1","0","specimen"
"653","ASSOCIATION","2","0","edu.wustl.catissuecore.domain.DistributedItem"
"654","ASSOCIATION","1","0","specimen"
"655","ASSOCIATION","2","1","distributedItemCollection"
"656","ASSOCIATION","1","0","distribution"
"657","ASSOCIATION","2","0","edu.wustl.catissuecore.domain.Distribution"
"658","ASSOCIATION","1","0","distributionProtocol"
"659","ASSOCIATION","2","0","edu.wustl.catissuecore.domain.Distribution"
"660","ASSOCIATION","1","0","distributedBy"
"661","ASSOCIATION","2","0","edu.wustl.catissuecore.domain.Distribution"
"662","ASSOCIATION","1","0","toSite"
"663","ASSOCIATION","2","0","edu.wustl.catissuecore.domain.OrderDetails"
"664","ASSOCIATION","2","0","distributionCollection"
"665","ASSOCIATION","2","0","edu.wustl.catissuecore.domain.OrderDetails"
"666","ASSOCIATION","1","0","distributionProtocol"
"667","ASSOCIATION","1","0","edu.wustl.catissuecore.domain.SpecimenOrderItem"
"668","ASSOCIATION","1","0","requestedQuantity"
"669","ASSOCIATION","1","0","edu.wustl.catissuecore.domain.SpecimenOrderItem"
"670","ASSOCIATION","1","0","requestedQuantity"
"671","ASSOCIATION","1","0","edu.wustl.catissuecore.domain.SpecimenOrderItem"
"672","ASSOCIATION","1","0","requestedQuantity"
"673","ASSOCIATION","1","0","edu.wustl.catissuecore.domain.SpecimenOrderItem"
"674","ASSOCIATION","1","0","requestedQuantity"
"675","ASSOCIATION","1","0","edu.wustl.catissuecore.domain.SpecimenOrderItem"
"676","ASSOCIATION","1","0","requestedQuantity"
"677","ASSOCIATION","2","0","orderItemCollection"
"678","ASSOCIATION","1","0","orderDetails"
"679","ASSOCIATION","2","0","edu.wustl.catissuecore.domain.SpecimenOrderItem"
"680","ASSOCIATION","1","0","distributedItem"
"681","ASSOCIATION","1","0","edu.wustl.catissuecore.domain.NewSpecimenOrderItem"
"682","ASSOCIATION","1","0","requestedQuantity"
"683","ASSOCIATION","1","0","edu.wustl.catissuecore.domain.NewSpecimenOrderItem"
"684","ASSOCIATION","1","0","requestedQuantity"
"685","ASSOCIATION","1","0","edu.wustl.catissuecore.domain.NewSpecimenOrderItem"
"686","ASSOCIATION","1","0","requestedQuantity"
"687","ASSOCIATION","1","0","edu.wustl.catissuecore.domain.NewSpecimenOrderItem"
"688","ASSOCIATION","1","0","requestedQuantity"
"689","ASSOCIATION","1","0","edu.wustl.catissuecore.domain.NewSpecimenOrderItem"
"690","ASSOCIATION","1","0","requestedQuantity"
"691","ASSOCIATION","2","0","orderItemCollection"
"692","ASSOCIATION","1","0","orderDetails"
"693","ASSOCIATION","2","0","edu.wustl.catissuecore.domain.NewSpecimenOrderItem"
"694","ASSOCIATION","1","0","distributedItem"
"695","ASSOCIATION","1","0","edu.wustl.catissuecore.domain.PathologicalCaseOrderItem"
"696","ASSOCIATION","1","0","requestedQuantity"
"697","ASSOCIATION","1","0","edu.wustl.catissuecore.domain.PathologicalCaseOrderItem"
"698","ASSOCIATION","1","0","requestedQuantity"
"699","ASSOCIATION","1","0","edu.wustl.catissuecore.domain.PathologicalCaseOrderItem"
"700","ASSOCIATION","1","0","requestedQuantity"
"701","ASSOCIATION","1","0","edu.wustl.catissuecore.domain.PathologicalCaseOrderItem"
"702","ASSOCIATION","1","0","requestedQuantity"
"703","ASSOCIATION","2","0","edu.wustl.catissuecore.domain.PathologicalCaseOrderItem"
"704","ASSOCIATION","1","0","distributedItem"
"705","ASSOCIATION","2","0","orderItemCollection"
"706","ASSOCIATION","1","0","orderDetails"
"707","ASSOCIATION","2","0","edu.wustl.catissuecore.domain.PathologicalCaseOrderItem"
"708","ASSOCIATION","1","0","specimenCollectionGroup"
"709","ASSOCIATION","2","0","edu.wustl.catissuecore.domain.PathologicalCaseOrderItem"
"710","ASSOCIATION","1","0","specimenCollectionGroup"
"711","ASSOCIATION","2","0","edu.wustl.catissuecore.domain.PathologicalCaseOrderItem"
"712","ASSOCIATION","1","0","specimenCollectionGroup"
"713","ASSOCIATION","1","0","edu.wustl.catissuecore.domain.PathologicalCaseOrderItem"
"714","ASSOCIATION","1","0","requestedQuantity"
"715","ASSOCIATION","1","0","edu.wustl.catissuecore.domain.DerivedSpecimenOrderItem"
"716","ASSOCIATION","1","0","requestedQuantity"
"717","ASSOCIATION","1","0","edu.wustl.catissuecore.domain.DerivedSpecimenOrderItem"
"718","ASSOCIATION","1","0","requestedQuantity"
"719","ASSOCIATION","1","0","edu.wustl.catissuecore.domain.DerivedSpecimenOrderItem"
"720","ASSOCIATION","1","0","requestedQuantity"
"721","ASSOCIATION","1","0","edu.wustl.catissuecore.domain.DerivedSpecimenOrderItem"
"722","ASSOCIATION","1","0","requestedQuantity"
"723","ASSOCIATION","2","0","edu.wustl.catissuecore.domain.DerivedSpecimenOrderItem"
"724","ASSOCIATION","1","0","distributedItem"
"725","ASSOCIATION","2","0","orderItemCollection"
"726","ASSOCIATION","1","0","orderDetails"
"727","ASSOCIATION","2","0","edu.wustl.catissuecore.domain.DerivedSpecimenOrderItem"
"728","ASSOCIATION","1","0","parentSpecimen"
"729","ASSOCIATION","2","0","edu.wustl.catissuecore.domain.DerivedSpecimenOrderItem"
"730","ASSOCIATION","1","0","parentSpecimen"
"731","ASSOCIATION","2","0","edu.wustl.catissuecore.domain.DerivedSpecimenOrderItem"
"732","ASSOCIATION","1","0","parentSpecimen"
"733","ASSOCIATION","2","0","edu.wustl.catissuecore.domain.DerivedSpecimenOrderItem"
"734","ASSOCIATION","1","0","parentSpecimen"
"735","ASSOCIATION","2","0","edu.wustl.catissuecore.domain.DerivedSpecimenOrderItem"
"736","ASSOCIATION","1","0","parentSpecimen"
"737","ASSOCIATION","1","0","edu.wustl.catissuecore.domain.DerivedSpecimenOrderItem"
"738","ASSOCIATION","1","0","requestedQuantity"
"739","ASSOCIATION","2","0","collectionProtocolRegistrationCollection"
"740","ASSOCIATION","1","0","participant"
"741","ASSOCIATION","2","0","collectionProtocolRegistrationCollection"
"742","ASSOCIATION","1","0","collectionProtocol"
"743","ASSOCIATION","1","0","edu.wustl.catissuecore.domain.CollectionProtocolRegistration"
"744","CONTAINTMENT","2","0","consentTierResponseCollection"
"745","ASSOCIATION","1","0","collectionProtocolRegistration"
"746","ASSOCIATION","2","1","specimenCollectionGroupCollection"
"747","ASSOCIATION","2","0","edu.wustl.catissuecore.domain.CollectionProtocolRegistration"
"748","ASSOCIATION","1","0","consentWitness"
"749","ASSOCIATION","2","0","edu.wustl.catissuecore.domain.ConsentTierResponse"
"750","ASSOCIATION","1","0","consentTier"
"751","ASSOCIATION","1","0","edu.wustl.catissuecore.domain.SpecimenArrayOrderItem"
"752","ASSOCIATION","1","0","requestedQuantity"
"753","ASSOCIATION","1","0","edu.wustl.catissuecore.domain.SpecimenArrayOrderItem"
"754","ASSOCIATION","1","0","requestedQuantity"
"755","ASSOCIATION","1","0","edu.wustl.catissuecore.domain.SpecimenArrayOrderItem"
"756","ASSOCIATION","1","0","requestedQuantity"
"757","ASSOCIATION","1","0","edu.wustl.catissuecore.domain.SpecimenArrayOrderItem"
"758","ASSOCIATION","1","0","requestedQuantity"
"759","ASSOCIATION","1","0","edu.wustl.catissuecore.domain.SpecimenArrayOrderItem"
"760","ASSOCIATION","1","0","requestedQuantity"
"761","ASSOCIATION","2","0","orderItemCollection"
"762","ASSOCIATION","1","0","orderDetails"
"763","ASSOCIATION","2","0","edu.wustl.catissuecore.domain.SpecimenArrayOrderItem"
"764","ASSOCIATION","1","0","distributedItem"
"765","ASSOCIATION","1","0","edu.wustl.catissuecore.domain.NewSpecimenArrayOrderItem"
"766","ASSOCIATION","1","0","requestedQuantity"
"767","ASSOCIATION","1","0","edu.wustl.catissuecore.domain.NewSpecimenArrayOrderItem"
"768","ASSOCIATION","1","0","requestedQuantity"
"769","ASSOCIATION","1","0","edu.wustl.catissuecore.domain.NewSpecimenArrayOrderItem"
"770","ASSOCIATION","1","0","requestedQuantity"
"771","ASSOCIATION","1","0","edu.wustl.catissuecore.domain.NewSpecimenArrayOrderItem"
"772","ASSOCIATION","1","0","requestedQuantity"
"773","ASSOCIATION","2","0","edu.wustl.catissuecore.domain.NewSpecimenArrayOrderItem"
"774","ASSOCIATION","1","0","distributedItem"
"775","ASSOCIATION","1","0","newSpecimenArrayOrderItem"
"776","ASSOCIATION","2","0","specimenOrderItemCollection"
"777","ASSOCIATION","1","0","newSpecimenArrayOrderItem"
"778","ASSOCIATION","2","0","specimenOrderItemCollection"
"779","ASSOCIATION","1","0","newSpecimenArrayOrderItem"
"780","ASSOCIATION","2","0","specimenOrderItemCollection"
"781","ASSOCIATION","1","0","newSpecimenArrayOrderItem"
"782","ASSOCIATION","2","0","specimenOrderItemCollection"
"783","ASSOCIATION","1","0","newSpecimenArrayOrderItem"
"784","ASSOCIATION","2","0","specimenOrderItemCollection"
"785","ASSOCIATION","2","0","orderItemCollection"
"786","ASSOCIATION","1","0","orderDetails"
"787","ASSOCIATION","2","0","edu.wustl.catissuecore.domain.NewSpecimenArrayOrderItem"
"788","ASSOCIATION","1","0","specimenArrayType"
"789","ASSOCIATION","1","0","edu.wustl.catissuecore.domain.NewSpecimenArrayOrderItem"
"790","ASSOCIATION","1","0","requestedQuantity"
"791","ASSOCIATION","1","0","edu.wustl.catissuecore.domain.ExistingSpecimenOrderItem"
"792","ASSOCIATION","1","0","requestedQuantity"
"793","ASSOCIATION","1","0","edu.wustl.catissuecore.domain.ExistingSpecimenOrderItem"
"794","ASSOCIATION","1","0","requestedQuantity"
"795","ASSOCIATION","2","0","edu.wustl.catissuecore.domain.ExistingSpecimenOrderItem"
"796","ASSOCIATION","1","0","specimen"
"797","ASSOCIATION","2","0","edu.wustl.catissuecore.domain.ExistingSpecimenOrderItem"
"798","ASSOCIATION","1","0","specimen"
"799","ASSOCIATION","2","0","edu.wustl.catissuecore.domain.ExistingSpecimenOrderItem"
"800","ASSOCIATION","1","0","specimen"
"801","ASSOCIATION","2","0","edu.wustl.catissuecore.domain.ExistingSpecimenOrderItem"
"802","ASSOCIATION","1","0","specimen"
"803","ASSOCIATION","2","0","edu.wustl.catissuecore.domain.ExistingSpecimenOrderItem"
"804","ASSOCIATION","1","0","specimen"
"805","ASSOCIATION","2","0","edu.wustl.catissuecore.domain.ExistingSpecimenOrderItem"
"806","ASSOCIATION","1","0","distributedItem"
"807","ASSOCIATION","2","0","orderItemCollection"
"808","ASSOCIATION","1","0","orderDetails"
"809","ASSOCIATION","1","0","edu.wustl.catissuecore.domain.ExistingSpecimenOrderItem"
"810","ASSOCIATION","1","0","requestedQuantity"
"811","ASSOCIATION","1","0","edu.wustl.catissuecore.domain.ExistingSpecimenOrderItem"
"812","ASSOCIATION","1","0","requestedQuantity"
"813","ASSOCIATION","1","0","edu.wustl.catissuecore.domain.ExistingSpecimenOrderItem"
"814","ASSOCIATION","1","0","requestedQuantity"
"815","CONTAINTMENT","2","0","externalIdentifierCollection"
"816","ASSOCIATION","1","0","specimen"
"817","CONTAINTMENT","2","0","externalIdentifierCollection"
"818","ASSOCIATION","1","0","specimen"
"819","CONTAINTMENT","2","0","externalIdentifierCollection"
"820","ASSOCIATION","1","0","specimen"
"821","CONTAINTMENT","2","0","externalIdentifierCollection"
"822","ASSOCIATION","1","0","specimen"
"823","CONTAINTMENT","2","0","externalIdentifierCollection"
"824","ASSOCIATION","1","0","specimen"
"825","ASSOCIATION","2","0","auditEventQueryLogCollection"
"826","ASSOCIATION","1","0","auditEvent"
"827","ASSOCIATION","1","0","auditEvent"
"828","ASSOCIATION","2","1","auditEventLogCollection"
"829","ASSOCIATION","2","0","quarantineEventParameterCollection"
"830","ASSOCIATION","1","0","deIdentifiedSurgicalPathologyReport"
"831","CONTAINTMENT","2","1","specimenRequirementCollection"
"832","ASSOCIATION","2","1","distributionProtocolCollection"
"833","ASSOCIATION","1","0","edu.wustl.catissuecore.domain.SpecimenRequirement"
"834","ASSOCIATION","1","0","quantity"
"835","ASSOCIATION","1","0","edu.wustl.catissuecore.domain.SpecimenRequirement"
"836","ASSOCIATION","1","0","quantity"
"837","ASSOCIATION","1","0","edu.wustl.catissuecore.domain.SpecimenRequirement"
"838","ASSOCIATION","1","0","quantity"
"839","ASSOCIATION","1","0","edu.wustl.catissuecore.domain.SpecimenRequirement"
"840","ASSOCIATION","1","0","quantity"
"841","ASSOCIATION","1","0","edu.wustl.catissuecore.domain.SpecimenRequirement"
"842","CONTAINTMENT","1","0","quantity"
"843","ASSOCIATION","2","0","edu.wustl.catissuecore.domain.ParticipantMedicalIdentifier"
"844","ASSOCIATION","1","0","site"
"845","CONTAINTMENT","2","0","participantMedicalIdentifierCollection"
"846","ASSOCIATION","1","0","participant"
"847","ASSOCIATION","2","0","specimenArrayContentCollection"
"848","ASSOCIATION","1","0","specimenArray"
"849","ASSOCIATION","2","0","edu.wustl.catissuecore.domain.SpecimenArrayContent"
"850","ASSOCIATION","1","0","specimen"
"851","ASSOCIATION","1","0","edu.wustl.catissuecore.domain.SpecimenArrayContent"
"852","ASSOCIATION","1","0","initialQuantity"
"853","ASSOCIATION","1","0","edu.wustl.catissuecore.domain.SpecimenArrayContent"
"854","ASSOCIATION","1","0","initialQuantity"
"855","ASSOCIATION","1","0","edu.wustl.catissuecore.domain.SpecimenArrayContent"
"856","ASSOCIATION","1","0","initialQuantity"
"857","ASSOCIATION","1","0","edu.wustl.catissuecore.domain.SpecimenArrayContent"
"858","ASSOCIATION","1","0","initialQuantity"
"859","ASSOCIATION","1","0","edu.wustl.catissuecore.domain.SpecimenArrayContent"
"860","ASSOCIATION","1","0","initialQuantity"
"861","ASSOCIATION","2","0","edu.wustl.catissuecore.domain.SpecimenArrayContent"
"862","ASSOCIATION","1","0","specimen"
"863","ASSOCIATION","2","0","edu.wustl.catissuecore.domain.SpecimenArrayContent"
"864","ASSOCIATION","1","0","specimen"
"865","ASSOCIATION","2","0","edu.wustl.catissuecore.domain.SpecimenArrayContent"
"866","ASSOCIATION","1","0","specimen"
"867","ASSOCIATION","2","0","edu.wustl.catissuecore.domain.SpecimenArrayContent"
"868","ASSOCIATION","1","0","specimen"
"869","ASSOCIATION","2","0","biohazardCollection"
"870","ASSOCIATION","2","0","specimenCollection"
"871","ASSOCIATION","2","0","biohazardCollection"
"872","ASSOCIATION","2","0","specimenCollection"
"873","ASSOCIATION","2","0","biohazardCollection"
"874","ASSOCIATION","2","0","specimenCollection"
"875","ASSOCIATION","2","0","biohazardCollection"
"876","ASSOCIATION","2","0","specimenCollection"
"877","ASSOCIATION","2","0","biohazardCollection"
"878","ASSOCIATION","2","0","specimenCollection"
"879","ASSOCIATION","2","1","auditEventDetailsCollcetion"
"880","ASSOCIATION","1","0","auditEventLog"
"881","ASSOCIATION","1","0","edu.wustl.catissuecore.domain.ExistingSpecimenArrayOrderItem"
"882","ASSOCIATION","1","0","requestedQuantity"
"883","ASSOCIATION","1","0","edu.wustl.catissuecore.domain.ExistingSpecimenArrayOrderItem"
"884","ASSOCIATION","1","0","requestedQuantity"
"885","ASSOCIATION","1","0","edu.wustl.catissuecore.domain.ExistingSpecimenArrayOrderItem"
"886","ASSOCIATION","1","0","requestedQuantity"
"887","ASSOCIATION","1","0","edu.wustl.catissuecore.domain.ExistingSpecimenArrayOrderItem"
"888","ASSOCIATION","1","0","requestedQuantity"
"889","ASSOCIATION","1","0","edu.wustl.catissuecore.domain.ExistingSpecimenArrayOrderItem"
"890","ASSOCIATION","1","0","requestedQuantity"
"891","ASSOCIATION","2","0","edu.wustl.catissuecore.domain.ExistingSpecimenArrayOrderItem"
"892","ASSOCIATION","1","0","specimenArray"
"893","ASSOCIATION","2","0","orderItemCollection"
"894","ASSOCIATION","1","0","orderDetails"
"895","ASSOCIATION","2","0","edu.wustl.catissuecore.domain.ExistingSpecimenArrayOrderItem"
"896","ASSOCIATION","1","0","distributedItem"
"897","ASSOCIATION","2","0","childCollectionProtocolCollection"
"898","ASSOCIATION","1","0","parentCollectionProtocol"
"899","ASSOCIATION","2","0","childCollectionProtocolCollection"
"900","ASSOCIATION","1","0","parentCollectionProtocol"
"901","CONTAINTMENT","1","1","environmentalExposureHealthAnnotation"
"902","CONTAINTMENT","100","1","durationCollection"
"903","ASSOCIATION","100","1","treatmentOrderCollection"
"904","ASSOCIATION","1","1","treatmentRegimen"
"905","CONTAINTMENT","1","1","treatmentOrder"
"906","CONTAINTMENT","100","0","chemoRXAnnotationCollection"
"907","CONTAINTMENT","1","1","treatmentOrder"
"908","CONTAINTMENT","100","0","radRXAnnotationCollection"
"909","CONTAINTMENT","1","1","treatmentAnnotation"
"910","CONTAINTMENT","100","0","durationCollection"
"911","CONTAINTMENT","1","1","radRXAnnotation"
"912","CONTAINTMENT","100","1","durationCollection"
"913","CONTAINTMENT","1","1","chemoRXAnnotation"
"914","CONTAINTMENT","100","1","durationCollection"
"915","ASSOCIATION","1","1","familyHistoryAnnotation"
"916","ASSOCIATION","100","1","generalHealthDiagnosisCollection"
"917","CONTAINTMENT","1","0","844_1"
"918","CONTAINTMENT","100","0","844_1"
"919","CONTAINTMENT","1","0","844_2"
"920","CONTAINTMENT","100","0","844_2"
"921","CONTAINTMENT","1","0","844_3"
"922","CONTAINTMENT","100","0","844_3"
"923","CONTAINTMENT","1","0","844_5"
"924","CONTAINTMENT","100","0","844_5"
"925","CONTAINTMENT","1","0","844_6"
"926","CONTAINTMENT","100","0","844_6"
"927","CONTAINTMENT","1","0","844_7"
"928","CONTAINTMENT","100","0","844_7"
"929","CONTAINTMENT","1","0","844_8"
"930","CONTAINTMENT","100","0","844_8"
"931","CONTAINTMENT","1","0","844_9"
"932","CONTAINTMENT","100","0","844_9"
"933","CONTAINTMENT","1","0","844_10"
"934","CONTAINTMENT","100","0","844_10"
"935","CONTAINTMENT","1","0","844_13"
"936","CONTAINTMENT","100","0","844_13"
"937","CONTAINTMENT","1","0","844_12"
"938","CONTAINTMENT","100","0","844_12"
"939","CONTAINTMENT","1","0","844_11"
"940","CONTAINTMENT","100","0","844_11"
"941","CONTAINTMENT","1","0","844_14"
"942","CONTAINTMENT","100","0","844_14"
"943","CONTAINTMENT","1","0","844_15"
"944","CONTAINTMENT","100","0","844_15"
"945","CONTAINTMENT","1","0","844_16"
"946","CONTAINTMENT","100","0","844_16"
"947","CONTAINTMENT","1","1","additionalPathologicFinding"
"948","CONTAINTMENT","100","0","detailsCollection"
"949","ASSOCIATION","1","1","specimenBaseSolidTissuePathologyAnnotation"
"950","ASSOCIATION","100","0","additionalPathologicFindingCollection"
"951","CONTAINTMENT","1","1","specimenBaseSolidTissuePathologyAnnotation"
"952","CONTAINTMENT","100","0","histologicGrade"
"953","CONTAINTMENT","1","1","specimenBaseSolidTissuePathologyAnnotation"
"954","CONTAINTMENT","1","0","invasion"
"955","CONTAINTMENT","1","1","specimenBaseSolidTissuePathologyAnnotation"
"956","CONTAINTMENT","100","0","histologicTypeCollection"
"957","CONTAINTMENT","1","1","histologicType"
"958","CONTAINTMENT","100","0","histologicVariantTypeCollection"
"959","ASSOCIATION","1","1","breastSpecimenPathologyAnnotation"
"960","ASSOCIATION","1","0","nottinghamHistologicScore"
"961","ASSOCIATION","1","1","prostateSpecimenPathologyAnnotation"
"962","ASSOCIATION","1","0","gleasonScore"
"963","CONTAINTMENT","1","0","4_21"
"964","CONTAINTMENT","100","0","4_21"
"965","CONTAINTMENT","1","0","4_22"
"966","CONTAINTMENT","100","0","4_22"
"967","CONTAINTMENT","1","0","4_23"
"968","CONTAINTMENT","100","0","4_23"
"969","CONTAINTMENT","1","0","4_24"
"970","CONTAINTMENT","100","0","4_24"
"971","CONTAINTMENT","1","0","4_25"
"972","CONTAINTMENT","100","0","4_25"
"973","CONTAINTMENT","1","0","4_26"
"974","CONTAINTMENT","100","0","4_26"
"975","CONTAINTMENT","1","0","4_27"
"976","CONTAINTMENT","100","0","4_27"
"977","CONTAINTMENT","1","0","4_28"
"978","CONTAINTMENT","100","0","4_28"
"979","CONTAINTMENT","1","0","4_29"
"980","CONTAINTMENT","100","0","4_29"
"981","ASSOCIATION","100","1",\N
"982","ASSOCIATION","1","1","AlcoholHealthAnnotation"
"983","CONTAINTMENT","1","1","SpecimenBaseSolidTissuePathologyAnnotation"
"984","CONTAINTMENT","100","1","Additional Finding"
"985","CONTAINTMENT","1","1",\N
"986","CONTAINTMENT","100","1","HistologicVariantType"
"987","CONTAINTMENT","1","1",\N
"988","CONTAINTMENT","100","1","Details"
"989","CONTAINTMENT","1","1",\N
"990","CONTAINTMENT","1","1","Gleason Score"
"991","CONTAINTMENT","1","1",\N
"992","CONTAINTMENT","1","1","Nottingham Histologic Score"
"993","CONTAINTMENT","1","1",\N
"994","CONTAINTMENT","100","1","General Health Diagnosis"
"995","CONTAINTMENT","1","1",\N
"996","CONTAINTMENT","100","1","Treatment Order"
"997","CONTAINTMENT","1","1","TreatmentOrder"
"998","CONTAINTMENT","100","1","Radiation Therapy"
"999","CONTAINTMENT","1","1",\N
"1000","CONTAINTMENT","100","1","Chemotherapy"
"1001","CONTAINTMENT","1","1",\N
"1002","CONTAINTMENT","100","1","Duration"
"1003","CONTAINTMENT","1","1","basePathologyAnnotation"
"1004","CONTAINTMENT","100","0","additionalFinding"
"1005","CONTAINTMENT","1","1","basePathologyAnnotation"
"1006","CONTAINTMENT","1","1","histologicTypeCollection"
"1007","CONTAINTMENT","1","1","histologicType"
"1008","CONTAINTMENT","100","0","histologicVariantTypeCollection"
"1009","CONTAINTMENT","1","1","additionalFinding"
"1010","CONTAINTMENT","100","0","detailsCollection"
"1011","CONTAINTMENT","1","1","baseSolidTissuePathologyAnnotation"
"1012","CONTAINTMENT","100","0","tumorTissueSite"
"1013","CONTAINTMENT","1","1","baseSolidTissuePathologyAnnotation"
"1014","CONTAINTMENT","1","0","pathologicStaging"
"1015","CONTAINTMENT","1","1","baseSolidTissuePathologyAnnotation"
"1016","CONTAINTMENT","100","0","histologicGradeCollection"
"1017","CONTAINTMENT","1","1","baseSolidTissuePathologyAnnotation"
"1018","CONTAINTMENT","1","0","tumorSize"
"1019","CONTAINTMENT","1","1","baseSolidTissuePathologyAnnotation"
"1020","CONTAINTMENT","1","0","invasion"
"1021","CONTAINTMENT","1","1","pathologicStaging"
"1022","CONTAINTMENT","1","0","primaryTumorStage"
"1023","CONTAINTMENT","1","1","pathologicStaging"
"1024","CONTAINTMENT","1","0","distantMetastasis"
"1025","CONTAINTMENT","1","1","pathologicStaging"
"1026","CONTAINTMENT","1","0","regionalLymphNode"
"1027","CONTAINTMENT","1","1","distantMetastasis"
"1028","CONTAINTMENT","100","0","metastasisTissueSite"
"1029","CONTAINTMENT","1","1","tumorTissueSite"
"1030","CONTAINTMENT","100","0","tissueSide"
"1031","CONTAINTMENT","1","1","lungResectionBasedPathologyAnnotation"
"1032","CONTAINTMENT","100","0","lungResectionMargin"
"1033","CONTAINTMENT","1","1","lungResectionBasedPathologyAnnotation"
"1034","CONTAINTMENT","100","0","directExtensionOfTumorCollection"
"1035","CONTAINTMENT","1","1","lungResectionMargin"
"1036","CONTAINTMENT","1","0","uninvolvedMarginCollection"
"1037","CONTAINTMENT","1","1","prostatePathologyAnnotation"
"1038","CONTAINTMENT","1","0","gleasonScore"
"1039","CONTAINTMENT","1","1","kidneyNephrectomyMargin"
"1040","CONTAINTMENT","100","0","marginLocationCollection"
"1041","CONTAINTMENT","1","1","baseHaematologyPathologyAnnotation"
"1042","CONTAINTMENT","1","0","cytogenetics"
"1043","CONTAINTMENT","1","1","baseHaematologyPathologyAnnotation"
"1044","CONTAINTMENT","1","0","immunoPhenotyping"
"1045","CONTAINTMENT","1","1","colorectalPathologyAnnotation"
"1046","CONTAINTMENT","1","0","size"
"1047","CONTAINTMENT","1","1","deepMelanomaMargin"
"1048","CONTAINTMENT","1","0","uninvolvedMargin"
"1049","CONTAINTMENT","1","1","excisionalBiopsyColorectalDeepMargin"
"1050","CONTAINTMENT","1","0","uninvolvedMargin"
"1051","CONTAINTMENT","1","1","pancreasMargin"
"1052","CONTAINTMENT","100","0","involved MarginCollection"
"1053","CONTAINTMENT","1","1","pancreasMargin"
"1054","CONTAINTMENT","1","0","uninvolvedMargin"
"1055","CONTAINTMENT","1","1","uninvolvedMargin"
"1056","CONTAINTMENT","100","0","carcinomaInSituStatus"
"1057","CONTAINTMENT","1","1","excisionalBiopsyBasedColorectalPathologyAnnotation"
"1058","CONTAINTMENT","100","0","deepMarginCollection"
"1059","CONTAINTMENT","1","1","excisionalBiopsyBasedColorectalPathologyAnnotation"
"1060","CONTAINTMENT","100","0","lateralOrMucosalMarginCollection"
"1061","CONTAINTMENT","1","1","excisionalBiopsyBasedColorectalPathologyAnnotation"
"1062","CONTAINTMENT","1","0","distanceOfInvasiveCarcinoma"
"1063","CONTAINTMENT","1","1","excisionalBiopsyBasedColorectalPathologyAnnotation"
"1064","CONTAINTMENT","1","0","polypConfiguration"
"1065","CONTAINTMENT","1","1","excisionalBiopsyBasedColorectalPathologyAnnotation"
"1066","CONTAINTMENT","1","0","distanceOfAdenoma"
"1067","CONTAINTMENT","1","1","excisionalBiopsyColorectalLateralOrMucosalMargin"
"1068","CONTAINTMENT","1","0","uninvolvedMargin"
"1069","CONTAINTMENT","1","1","breastMargin"
"1070","CONTAINTMENT","1","0","uninvolvedMargin"
"1071","CONTAINTMENT","1","1","breastMargin"
"1072","CONTAINTMENT","100","0","involvedMarginCollection"
"1073","CONTAINTMENT","1","1","radicalProstatectomyPathologyAnnotation"
"1074","CONTAINTMENT","1","0","extraprostaticExtension"
"1075","CONTAINTMENT","1","1","radicalProstatectomyPathologyAnnotation"
"1076","CONTAINTMENT","1","0","radicalProstatectomyMargin"
"1077","CONTAINTMENT","1","1","radicalProstatectomyMargin"
"1078","CONTAINTMENT","100","0","marginLocationCollection"
"1079","CONTAINTMENT","1","1","extraprostaticExtension"
"1080","CONTAINTMENT","100","0","tissueSiteCollection"
"1081","CONTAINTMENT","1","1","resectionColorectalMesentricMargin"
"1082","CONTAINTMENT","1","0","uninvolvedMargin"
"1083","CONTAINTMENT","1","1","pancreasePathologyAnnotation"
"1084","CONTAINTMENT","1","0","pancreaseMargin"
"1085","CONTAINTMENT","1","1","pancreasePathologyAnnotation"
"1086","CONTAINTMENT","100","0","otherResectedOrgans"
"1087","CONTAINTMENT","1","1","resectionBasedColorectalPathologyAnnotation"
"1088","CONTAINTMENT","1","0","radialMargin"
"1089","CONTAINTMENT","1","1","resectionBasedColorectalPathologyAnnotation"
"1090","CONTAINTMENT","1","0","mesentricMargin"
"1091","CONTAINTMENT","1","1","resectionBasedColorectalPathologyAnnotation"
"1092","CONTAINTMENT","100","0","distalMarginCollection"
"1093","CONTAINTMENT","1","1","resectionBasedColorectalPathologyAnnotation"
"1094","CONTAINTMENT","100","0","proximalMarginCollection"
"1095","CONTAINTMENT","1","1","resectionColorectalProximalMargin"
"1096","CONTAINTMENT","1","0","uninvolvedMargin"
"1097","CONTAINTMENT","1","1","resectionColorectalDistalMargin"
"1098","CONTAINTMENT","1","0","uninvolvedMargin"
"1099","CONTAINTMENT","1","1","resectionColorectalRadialMargin"
"1100","CONTAINTMENT","1","0","uninvolvedMargin"
"1101","CONTAINTMENT","1","1","melanomaPathologyAnnotation"
"1102","CONTAINTMENT","100","0","lateralMarginCollection"
"1103","CONTAINTMENT","1","1","melanomaPathologyAnnotation"
"1104","CONTAINTMENT","100","0","satelliteNoduleCollection"
"1105","CONTAINTMENT","1","1","melanomaPathologyAnnotation"
"1106","CONTAINTMENT","100","0","deepMarginCollection"
"1107","CONTAINTMENT","1","1","lateralMelanomaMargin"
"1108","CONTAINTMENT","1","0","uninvolvedMargin"
"1109","CONTAINTMENT","1","1","breastPathologyAnnotation"
"1110","CONTAINTMENT","100","0","microcalcificationCollection"
"1111","CONTAINTMENT","1","1","breastPathologyAnnotation"
"1112","CONTAINTMENT","1","0","size"
"1113","CONTAINTMENT","1","1","breastPathologyAnnotation"
"1114","CONTAINTMENT","100","0","breastMarginCollection"
"1115","CONTAINTMENT","1","1","breast Pathology Annotation"
"1116","CONTAINTMENT","1","0","nottinghamHistologicScore"
"1117","CONTAINTMENT","1","1","LocalExcisionColorectalLateralMargin"
"1118","CONTAINTMENT","100","0","uninvolvedMarginCollection"
"1119","CONTAINTMENT","1","1","cnsPathologyAnnotation"
"1120","CONTAINTMENT","1","0","specimenSize"
"1121","CONTAINTMENT","1","1","cnsPathologyAnnotation"
"1122","CONTAINTMENT","1","0","cnsMargin"
"1123","CONTAINTMENT","1","1","cnsMargin"
"1124","CONTAINTMENT","100","0","marginLocationCollection"
"1125","CONTAINTMENT","1","1","localExcisionColorectalDeepMargin"
"1126","CONTAINTMENT","1","0","uninvolvedMargin"
"1127","CONTAINTMENT","1","1","localExcisionBasedColorectalPathologyAnnotation"
"1128","CONTAINTMENT","1","0","specimenIntegrity"
"1129","CONTAINTMENT","1","1","localExcisionBasedColorectalPathologyAnnotation"
"1130","CONTAINTMENT","100","0","localExcisionColorectalDeepMargin"
"1131","CONTAINTMENT","1","1","localExcisionBasedColorectalPathologyAnnotation"
"1132","CONTAINTMENT","1","0","distanceOfTumor"
"1133","CONTAINTMENT","1","1","localExcisionBasedColorectalPathologyAnnotation"
"1134","CONTAINTMENT","100","0","localExcisionColorectalLateralMargin"
"1135","CONTAINTMENT","1","1","kidneyNephrectomyBasedPathologyAnnotation"
"1136","CONTAINTMENT","1","0","kidneyNephrectomyMargin"
"1137","CONTAINTMENT","1","1","kidneyNephrectomyBasedPathologyAnnotation"
"1138","CONTAINTMENT","100","0","macroscopicExtentOfTumor"
"1139","CONTAINTMENT","1","0","379_42"
"1140","CONTAINTMENT","100","0","379_42"
"1141","CONTAINTMENT","1","0","379_45"
"1142","CONTAINTMENT","100","0","379_45"
"1143","CONTAINTMENT","1","0","379_56"
"1144","CONTAINTMENT","100","0","379_56"
"1145","CONTAINTMENT","1","0","379_58"
"1146","CONTAINTMENT","100","0","379_58"
"1147","CONTAINTMENT","1","0","379_63"
"1148","CONTAINTMENT","100","0","379_63"
"1149","CONTAINTMENT","1","0","379_64"
"1150","CONTAINTMENT","100","0","379_64"
"1151","CONTAINTMENT","1","0","379_65"
"1152","CONTAINTMENT","100","0","379_65"
"1153","CONTAINTMENT","1","0","379_66"
"1154","CONTAINTMENT","100","0","379_66"
"1155","CONTAINTMENT","1","0","379_72"
"1156","CONTAINTMENT","100","0","379_72"
"1157","CONTAINTMENT","1","0","379_73"
"1158","CONTAINTMENT","100","0","379_73"
"1159","CONTAINTMENT","1","0","379_74"
"1160","CONTAINTMENT","100","0","379_74"
"1161","CONTAINTMENT","1","0","379_78"
"1162","CONTAINTMENT","100","0","379_78"
"1163","CONTAINTMENT","1","0","379_79"
"1164","CONTAINTMENT","100","0","379_79"
"1165","CONTAINTMENT","1","0","379_80"
"1166","CONTAINTMENT","100","0","379_80"
"1167","CONTAINTMENT","1","0","379_84"
"1168","CONTAINTMENT","100","0","379_84"
"1169","CONTAINTMENT","1","0","379_89"
"1170","CONTAINTMENT","100","0","379_89"
"1171","CONTAINTMENT","1","0","379_92"
"1172","CONTAINTMENT","100","0","379_92"
"1173","CONTAINTMENT","1","0","379_98"
"1174","CONTAINTMENT","100","0","379_98"
"1175","CONTAINTMENT","1","0","379_99"
"1176","CONTAINTMENT","100","0","379_99"
"1177","CONTAINTMENT","1","0","379_105"
"1178","CONTAINTMENT","100","0","379_105"
"1179","CONTAINTMENT","1","0","379_110"
"1180","CONTAINTMENT","100","0","379_110"
"1181","CONTAINTMENT","1","0","379_116"
"1182","CONTAINTMENT","100","0","379_116"
"1183","CONTAINTMENT","1","1","BasePathologyAnnotation"
"1184","CONTAINTMENT","100","1","Additional Finding"
"1185","CONTAINTMENT","1","1",\N
"1186","CONTAINTMENT","100","1","Histologic Type"
"1187","CONTAINTMENT","1","1",\N
"1188","CONTAINTMENT","100","1","Histologic Variant Type"
"1189","CONTAINTMENT","1","1",\N
"1190","CONTAINTMENT","100","1","Details"
"1191","CONTAINTMENT","1","1",\N
"1192","CONTAINTMENT","1","1","Primary Tumor Stage"
"1193","CONTAINTMENT","1","1",\N
"1194","CONTAINTMENT","100","1","Metastasis Tissue Site"
"1195","CONTAINTMENT","1","1",\N
"1196","CONTAINTMENT","100","1","Tissue Side"
"1205","CONTAINTMENT","1","1",\N
"1206","CONTAINTMENT","100","1","GeneralHealthDiagnosis"
"1207","CONTAINTMENT","1","1",\N
"1208","CONTAINTMENT","100","1","TreatmentOrder"
"1209","CONTAINTMENT","1","1","TreatmentAnnotation"
"1210","CONTAINTMENT","100","1","Duration"
"1211","CONTAINTMENT","1","1","EnvironmentalExposuresHealthAnnotation"
"1212","CONTAINTMENT","100","1","Duration"
"1213","CONTAINTMENT","1","1","SpecimenBaseSolidTissuePathologyAnnotation"
"1214","CONTAINTMENT","100","1","HistologicType"
"1215","CONTAINTMENT","1","1","AdditionalFinding"
"1216","CONTAINTMENT","100","1","Details"
"1217","CONTAINTMENT","1","1","HistologicType"
"1218","CONTAINTMENT","100","1","HistologicVariantType"
"1219","CONTAINTMENT","1","1","ProstateSpecimenPathologyAnnotation"
"1220","CONTAINTMENT","1","1","GleasonScore"
"1221","CONTAINTMENT","1","1","BreastSpecimenPathologyAnnotation"
"1222","CONTAINTMENT","1","1","NottinghamHistologicScore"
"1223","CONTAINTMENT","1","1",\N
"1224","CONTAINTMENT","100","1","HistologicType"
"1225","CONTAINTMENT","1","1",\N
"1226","CONTAINTMENT","1","1","HistologicVariantType"
"1227","CONTAINTMENT","1","1","AdditionalFinding"
"1228","CONTAINTMENT","100","1","Details"
"1229","CONTAINTMENT","1","1","BaseSolidTissuePathologyAnnotation"
"1230","CONTAINTMENT","100","1","HistologicGrade"
"1231","CONTAINTMENT","1","1","PathologicalStaging"
"1232","CONTAINTMENT","1","1","PrimaryTumorStage"
"1233","CONTAINTMENT","1","1","DistantMetastasis"
"1234","CONTAINTMENT","100","1","MetastasisTissueSite"
"1235","CONTAINTMENT","1","1","TumorTissueSite"
"1236","CONTAINTMENT","100","1","TissueSide"
"1237","CONTAINTMENT","1","1","ProstatePathologyAnnotation"
"1238","CONTAINTMENT","1","1","GleasonScore"
"1247","CONTAINTMENT","1","1","PancreasMargin"
"1248","CONTAINTMENT","1","1","PancreasMarginUninvolvedByInvasiveCarcinoma"
"1249","CONTAINTMENT","1","1","PancreasMargin"
"1250","CONTAINTMENT","100","1","PancreasMarginInvolvedByInvasiveCarcinoma"
"1251","CONTAINTMENT","1","1","PancreasMarginUninvolvedByInvasiveCarcinoma"
"1252","CONTAINTMENT","100","1","CarcinomaInSituStatus"
"1253","CONTAINTMENT","1","1","LungResectionBasedPathologyAnnotation"
"1254","CONTAINTMENT","100","1","LungResectionMargin"
"1255","CONTAINTMENT","1","1",\N
"1256","CONTAINTMENT","100","1","DirectExtensionOfTumor"
"1257","CONTAINTMENT","1","1","LungResectionMargin"
"1258","CONTAINTMENT","1","1","LungResectionMarginsUninvolved"
"1259","CONTAINTMENT","1","1","KidneyNephrectomyBasedPathologyAnnotation"
"1260","CONTAINTMENT","1","1","KidneyNephrectomyMargin"
"1261","CONTAINTMENT","1","1","KidneyNephrectomyBasedPathologyAnnotation"
"1262","CONTAINTMENT","100","1","MacroscopicExtentOfTumor"
"1263","CONTAINTMENT","1","1","KidneyNephrectomyMargin"
"1264","CONTAINTMENT","100","1","KidneyMarginLocation"
"1265","CONTAINTMENT","1","1","CNSPathologyAnnotation"
"1266","CONTAINTMENT","1","1","SpecimenSize"
"1267","CONTAINTMENT","1","1","CNSMargin"
"1268","CONTAINTMENT","100","1","CNSMarginLocation"
"1269","CONTAINTMENT","1","1","MelanomaPathologyAnnotation"
"1270","CONTAINTMENT","100","1","SatelliteNodule"
"1271","CONTAINTMENT","1","1","DeepMelanomaMargin"
"1272","CONTAINTMENT","1","1","UninvolvedMelanomaMargin"
"1273","CONTAINTMENT","1","1","LateralMelanomaMargin"
"1274","CONTAINTMENT","1","1","UninvolvedMelanomaMargin"
"1275","CONTAINTMENT","1","1","BreastPathologyAnnotation"
"1276","CONTAINTMENT","1","1","NottinghamHistologicScore"
"1277","CONTAINTMENT","1","1","BreastPathologyAnnotation"
"1278","CONTAINTMENT","1","1","SizeOfSpecimen"
"1279","CONTAINTMENT","1","1","BreastPathologyAnnotation"
"1280","CONTAINTMENT","1","1","SizeOfInvasiveCarcinoma"
"1281","CONTAINTMENT","1","1","BreastPathologyAnnotation"
"1282","CONTAINTMENT","100","1","Microcalcification"
"1283","CONTAINTMENT","1","1","BreastMargin"
"1284","CONTAINTMENT","1","1","BreastMarginUninvolved"
"1285","CONTAINTMENT","1","1","ColorectalPathologyAnnotation"
"1286","CONTAINTMENT","1","1","PolypSize"
"1287","CONTAINTMENT","1","1","LocalExcisionBasedColorectalPathologyAnnotation"
"1288","CONTAINTMENT","1","1","SpecimenIntegrity"
"1289","CONTAINTMENT","1","1","LocalExcisionColorectalDeepMargin"
"1290","CONTAINTMENT","1","1","ColorectalLocalExcisionMarginUninvolved"
"1291","CONTAINTMENT","1","1","ExcisionalBiopsyBasedColorectalPathologyAnnotation"
"1292","CONTAINTMENT","1","1","DistanceOfInvasiveCarcinoma"
"1293","CONTAINTMENT","1","1","ExcisionalBiopsyBasedColorectalPathologyAnnotation"
"1294","CONTAINTMENT","1","1","DistanceOfAdenoma"
"1295","CONTAINTMENT","1","1","ExcisionalBiopsyBasedColorectalPathologyAnnotation"
"1296","CONTAINTMENT","1","1","PolypConfiguration"
"1297","CONTAINTMENT","1","1","ExcisionalBiopsyColorectalDeepMargin"
"1298","CONTAINTMENT","1","1","ExcionalBiopsyMarginUninvolved"
"1299","CONTAINTMENT","1","1","ExcisionalBiopsyColorectalLateralOrMucosalMargin"
"1300","CONTAINTMENT","1","1","ExcionalBiopsyMarginUninvolved"
"1301","CONTAINTMENT","1","1","ResectionBasedColorectalPathologyAnnotation"
"1302","CONTAINTMENT","100","1","ResectionColorectalMesentricMargin"
"1303","CONTAINTMENT","1","1","ResectionBasedColorectalPathologyAnnotation"
"1304","CONTAINTMENT","100","1","ResectionColorectalRadialMargin"
"1305","CONTAINTMENT","1","1","TreatmentRegimen"
"1306","CONTAINTMENT","100","1","TreatmentOrder"
"1307","CONTAINTMENT","1","1","TreatmentOrder"
"1308","CONTAINTMENT","100","1","Chemotherapy"
"1309","CONTAINTMENT","1","1","BasePathologyAnnotation"
"1310","CONTAINTMENT","100","1","HistologicType"
"1311","CONTAINTMENT","1","1","HistologicType"
"1312","CONTAINTMENT","100","1","HistologicVariantType"
"1313","CONTAINTMENT","1","1","FamilyHistoryAnnotation"
"1314","CONTAINTMENT","100","1","GeneralHealthDiagnosis"
"1315","CONTAINTMENT","1","1","LungResectionBasedPathologyAnnotation"
"1316","CONTAINTMENT","100","1","DirectExtensionOfTumor"
"1317","CONTAINTMENT","1","1","BaseHaematologyPathologyAnnotation"
"1318","CONTAINTMENT","1","1","Cytogenetics"
"1319","CONTAINTMENT","1","1","BaseHaematologyPathologyAnnotation"
"1320","CONTAINTMENT","1","1","Cytogenetics"
"1321","CONTAINTMENT","1","1","RadicalProstatectomyPathologyAnnotation"
"1322","CONTAINTMENT","1","1","ExtraprostaticExtension"
"1323","CONTAINTMENT","1","1","RadicalProstatectomyMargin"
"1324","CONTAINTMENT","100","1","ProstateMarginLocation"
"1325","CONTAINTMENT","1","1","ExtraprostaticExtension"
"1326","CONTAINTMENT","100","1","ExtraprostaticExtensionTissueSites"
"1327","CONTAINTMENT","1","1",\N
"1328","CONTAINTMENT","1","1","PathologicalStaging"
"1329","CONTAINTMENT","1","1",\N
"1330","CONTAINTMENT","1","1","DistantMetastasis"
"1331","CONTAINTMENT","1","1",\N
"1332","CONTAINTMENT","100","1","MetastasisTissueSite"
"1333","CONTAINTMENT","1","1",\N
"1334","CONTAINTMENT","1","1","RadicalProstatectomyMargin"
"1335","CONTAINTMENT","1","1",\N
"1336","CONTAINTMENT","100","1","ProstateMarginLocation"
"1337","CONTAINTMENT","1","1",\N
"1338","CONTAINTMENT","100","1","LocalExcisionColorectalLateralMargin"
"1339","CONTAINTMENT","1","1",\N
"1340","CONTAINTMENT","1","1","ColorectalLocalExcisionMarginUninvolved"
